time,ADM1_EN,ADM2_EN,lon,lat,precipitationCal,PROV_CODE,time2,time3
2015-03-04 00:00:00,Alaotra Mangoro,Ambatondrazaka,48.45000208979068,-17.93043385381284,11.663024,3.0,2015-03-04,03-04
2015-03-04 00:00:00,Alaotra Mangoro,Amparafaravola,48.34750175476074,-17.437499046325684,6.613683,3.0,2015-03-04,03-04
2015-03-04 00:00:00,Alaotra Mangoro,Andilamena,48.33593988418579,-16.718749523162842,12.703856,3.0,2015-03-04,03-04
2015-03-04 00:00:00,Alaotra Mangoro,Anosibe-An'ala,48.120835622151695,-19.50833257039388,50.031372,3.0,2015-03-04,03-04
2015-03-04 00:00:00,Alaotra Mangoro,Moramanga,48.253228341379476,-18.817741147933468,47.614048,3.0,2015-03-04,03-04
2015-03-04 00:00:00,Amoron I Mania,Ambatofinandrahana,46.302176434060804,-20.493477614029594,1.8727852,2.0,2015-03-04,03-04
2015-03-04 00:00:00,Amoron I Mania,Ambositra,47.307694948636566,-20.59615267240084,1.7872812,2.0,2015-03-04,03-04
2015-03-04 00:00:00,Amoron I Mania,Fandriana,47.444739291542454,-20.27105170802066,2.4475353,2.0,2015-03-04,03-04
2015-03-04 00:00:00,Amoron I Mania,Manandriana,47.02500343322754,-20.774999618530273,1.7942314,2.0,2015-03-04,03-04
2015-03-04 00:00:00,Analamanga,Ambohidratrimo,47.433336893717446,-18.683331807454426,12.40874,1.0,2015-03-04,03-04
2015-03-04 00:00:00,Analamanga,Andramasina,47.742858341761995,-19.299998692103795,35.767044,1.0,2015-03-04,03-04
2015-03-04 00:00:00,Analamanga,Anjozorobe,47.741894593109954,-18.1986482981089,8.4507475,1.0,2015-03-04,03-04
2015-03-04 00:00:00,Analamanga,Ankazobe,47.039395997018524,-18.16666620427912,5.5733676,1.0,2015-03-04,03-04
2015-03-04 00:00:00,Analamanga,Antananarivo Atsimondrano,47.48333867390951,-19.016666412353516,17.437292,1.0,2015-03-04,03-04
2015-03-04 00:00:00,Analamanga,Antananarivo Avaradrano,47.607145581926616,-18.878571101597377,29.018896,1.0,2015-03-04,03-04
2015-03-04 00:00:00,Analamanga,Manjakandriana,47.788461245023285,-18.826922196608322,36.22573,1.0,2015-03-04,03-04
2015-03-04 00:00:00,Analanjirofo,Fenerive Est,49.19231033325195,-17.1538452735314,5.762328,3.0,2015-03-04,03-04
2015-03-04 00:00:00,Analanjirofo,Mananara-Avaratra,49.498650525067305,-16.23648584211195,4.967989,3.0,2015-03-04,03-04
2015-03-04 00:00:00,Analanjirofo,Maroantsetra,49.480359486171174,-15.478569984436035,16.213074,3.0,2015-03-04,03-04
2015-03-04 00:00:00,Analanjirofo,Sainte Marie,49.90000534057617,-16.950000762939453,27.701605,3.0,2015-03-04,03-04
2015-03-04 00:00:00,Analanjirofo,Soanierana Ivongo,49.317569938865866,-16.717566928348027,7.46111,3.0,2015-03-04,03-04
2015-03-04 00:00:00,Analanjirofo,Vavatenina,49.01800277709961,-17.521999053955078,3.8901398,3.0,2015-03-04,03-04
2015-03-04 00:00:00,Androy,Ambovombe-Androy,45.79827815088733,-24.858619953023975,0.0,5.0,2015-03-04,03-04
2015-03-04 00:00:00,Androy,Bekily,45.40116500854492,-24.24999937900277,0.0,5.0,2015-03-04,03-04
2015-03-04 00:00:00,Androy,Beloha,45.03604844559071,-25.073254696158475,0.0009302325,5.0,2015-03-04,03-04
2015-03-04 00:00:00,Androy,Tsihombe,45.450002670288086,-25.370833079020183,0.0008333333,5.0,2015-03-04,03-04
2015-03-04 00:00:00,Anosy,Amboasary-Atsimo,46.364609064680806,-24.4230329106363,0.0,5.0,2015-03-04,03-04
2015-03-04 00:00:00,Anosy,Betroka,45.88196957697634,-23.36967143074411,0.027723068,5.0,2015-03-04,03-04
2015-03-04 00:00:00,Anosy,Taolagnaro,46.965386610764725,-24.6269221672645,0.02432692,5.0,2015-03-04,03-04
2015-03-04 00:00:00,Atsimo Andrefana,Ampanihy Ouest,44.48440231323242,-24.52199917602539,0.0,5.0,2015-03-04,03-04
2015-03-04 00:00:00,Atsimo Andrefana,Ankazoabo,44.66818410700018,-22.157575318307586,0.17636438,5.0,2015-03-04,03-04
2015-03-04 00:00:00,Atsimo Andrefana,Benenitra,45.0961562914726,-23.4038450779059,0.026410256,5.0,2015-03-04,03-04
2015-03-04 00:00:00,Atsimo Andrefana,Beroroha,45.20625185966492,-21.48906171321869,0.4456974,5.0,2015-03-04,03-04
2015-03-04 00:00:00,Atsimo Andrefana,Betioky Atsimo,44.49143055507115,-23.671427808489117,0.0035714286,5.0,2015-03-04,03-04
2015-03-04 00:00:00,Atsimo Andrefana,Morombe,43.692426392526336,-22.018181078361742,0.24349782,5.0,2015-03-04,03-04
2015-03-04 00:00:00,Atsimo Andrefana,Sakaraha,44.45540794166359,-22.777026305327546,0.07044537,5.0,2015-03-04,03-04
2015-03-04 00:00:00,Atsimo Andrefana,Toliary-I,43.65000534057617,-23.35000228881836,0.0,5.0,2015-03-04,03-04
2015-03-04 00:00:00,Atsimo Andrefana,Toliary-II,43.78764949125402,-23.19588151819566,0.0060840417,5.0,2015-03-04,03-04
2015-03-04 00:00:00,Atsimo Atsinanana,Befotaka,46.81333592732747,-23.866665903727213,0.009166666,2.0,2015-03-04,03-04
2015-03-04 00:00:00,Atsimo Atsinanana,Farafangana,47.67916742960612,-22.79583231608073,0.6343106,2.0,2015-03-04,03-04
2015-03-04 00:00:00,Atsimo Atsinanana,Midongy-Atsimo,47.00238527570452,-23.326189495268324,0.01336726,2.0,2015-03-04,03-04
2015-03-04 00:00:00,Atsimo Atsinanana,Vangaindrano,47.3977297002619,-23.545453851873223,0.024577696,2.0,2015-03-04,03-04
2015-03-04 00:00:00,Atsimo Atsinanana,Vondrozo,47.32407591078017,-22.687036443639684,0.15525259,2.0,2015-03-04,03-04
2015-03-04 00:00:00,Atsinanana,Antanambao Manampontsy,48.46000289916992,-19.559999084472658,60.91862,3.0,2015-03-04,03-04
2015-03-04 00:00:00,Atsinanana,Brickaville,48.857274905118075,-18.648181221701883,40.43875,3.0,2015-03-04,03-04
2015-03-04 00:00:00,Atsinanana,Mahanoro,48.51774412585843,-20.037095715922693,71.43237,3.0,2015-03-04,03-04
2015-03-04 00:00:00,Atsinanana,Marolambo,47.99333521525065,-20.083333079020182,21.852571,3.0,2015-03-04,03-04
2015-03-04 00:00:00,Atsinanana,Toamasina II,49.137501907348636,-18.004999351501464,10.808825,3.0,2015-03-04,03-04
2015-03-04 00:00:00,Atsinanana,Vatomandry,48.78500213623047,-19.389999008178712,81.9303,3.0,2015-03-04,03-04
2015-03-04 00:00:00,Betsiboka,Kandreho,46.059261322021484,-17.418517642551,5.3938885,4.0,2015-03-04,03-04
2015-03-04 00:00:00,Betsiboka,Maevatanana,46.91179969873321,-17.242133879929447,7.9525957,4.0,2015-03-04,03-04
2015-03-04 00:00:00,Betsiboka,Tsaratanana,47.64019872628006,-17.14117551317402,8.996726,4.0,2015-03-04,03-04
2015-03-04 00:00:00,Boeny,Ambato Boeni,46.47666915893555,-16.67133295694987,9.65485,4.0,2015-03-04,03-04
2015-03-04 00:00:00,Boeny,Mahajanga II,46.78658825013696,-15.623169015093547,17.50216,4.0,2015-03-04,03-04
2015-03-04 00:00:00,Boeny,Marovoay,46.63478469848633,-16.149998519731604,14.659674,4.0,2015-03-04,03-04
2015-03-04 00:00:00,Boeny,Mitsinjo,45.9380974542527,-16.088094416118803,9.301559,4.0,2015-03-04,03-04
2015-03-04 00:00:00,Boeny,Soalala,45.40312719345093,-16.48281167447567,9.595022,4.0,2015-03-04,03-04
2015-03-04 00:00:00,Bongolava,Fenoarivobe,46.33730431208535,-18.27380897885277,10.216667,1.0,2015-03-04,03-04
2015-03-04 00:00:00,Bongolava,Tsiroanomandidy,45.96460882465491,-18.836515833822528,7.3742843,1.0,2015-03-04,03-04
2015-03-04 00:00:00,Diana,Ambanja,48.48469660233478,-13.862243243626185,22.605564,7.0,2015-03-04,03-04
2015-03-04 00:00:00,Diana,Ambilobe,49.08283797306801,-13.484326504949314,27.85682,7.0,2015-03-04,03-04
2015-03-04 00:00:00,Diana,Antsiranana I,49.249996185302734,-12.249995231628418,27.88713,7.0,2015-03-04,03-04
2015-03-04 00:00:00,Diana,Antsiranana II,49.21444693671332,-12.618887477450901,36.549683,7.0,2015-03-04,03-04
2015-03-04 00:00:00,Diana,Nosy-Be,48.29999923706055,-13.40000057220459,13.11302,7.0,2015-03-04,03-04
2015-03-04 00:00:00,Haute Matsiatra,Ambalavao,46.73571650187174,-21.897618248349143,0.42206955,2.0,2015-03-04,03-04
2015-03-04 00:00:00,Haute Matsiatra,Ambohimahasoa,47.165385026198166,-21.057691427377556,2.5062544,2.0,2015-03-04,03-04
2015-03-04 00:00:00,Haute Matsiatra,Fianarantsoa I,47.04999923706055,-21.450000762939453,1.4284261,2.0,2015-03-04,03-04
2015-03-04 00:00:00,Haute Matsiatra,Ikalamavony,46.22701381814891,-21.29597626609364,0.4725141,2.0,2015-03-04,03-04
2015-03-04 00:00:00,Haute Matsiatra,Isandra,46.913639762184836,-21.259090423583984,1.2670099,2.0,2015-03-04,03-04
2015-03-04 00:00:00,Haute Matsiatra,Lalangina,47.26111306084527,-21.383333418104385,1.8160417,2.0,2015-03-04,03-04
2015-03-04 00:00:00,Haute Matsiatra,Vohibato,47.081580111854954,-21.660524669446442,1.619675,2.0,2015-03-04,03-04
2015-03-04 00:00:00,Ihorombe,Iakora,46.65263306467157,-23.165788951673004,0.07199749,2.0,2015-03-04,03-04
2015-03-04 00:00:00,Ihorombe,Ihosy,45.828147862920694,-22.35264827399854,0.14062,2.0,2015-03-04,03-04
2015-03-04 00:00:00,Ihorombe,Ivohibe,46.92368698120117,-22.52631498637952,0.16252045,2.0,2015-03-04,03-04
2015-03-04 00:00:00,Itasy,Arivonimamo,47.25666834513346,-19.069998931884765,7.703318,1.0,2015-03-04,03-04
2015-03-04 00:00:00,Itasy,Miarinarivo,46.85000228881836,-18.904544830322266,2.7863784,1.0,2015-03-04,03-04
2015-03-04 00:00:00,Itasy,Soavinandriana,46.56176645615522,-19.208822138169232,2.462381,1.0,2015-03-04,03-04
2015-03-04 00:00:00,Melaky,Ambatomainty,45.589026381329795,-17.740243027849896,9.670439,4.0,2015-03-04,03-04
2015-03-04 00:00:00,Melaky,Antsalova,44.620493841952964,-18.83852367713803,47.32059,4.0,2015-03-04,03-04
2015-03-04 00:00:00,Melaky,Besalampy,44.91019673023409,-16.905339176215016,5.130358,4.0,2015-03-04,03-04
2015-03-04 00:00:00,Melaky,Maintirano,44.3178592863537,-17.753570829119003,21.058239,4.0,2015-03-04,03-04
2015-03-04 00:00:00,Melaky,Morafenobe,44.95164158305184,-17.935244763483766,17.458426,4.0,2015-03-04,03-04
2015-03-04 00:00:00,Menabe,Belo Sur Tsiribihina,44.85588477639591,-19.64705826254452,7.571923,5.0,2015-03-04,03-04
2015-03-04 00:00:00,Menabe,Mahabo,45.16880547287118,-20.649999145768646,2.2242904,5.0,2015-03-04,03-04
2015-03-04 00:00:00,Menabe,Manja,44.194874396690956,-21.41410162510016,0.3716118,5.0,2015-03-04,03-04
2015-03-04 00:00:00,Menabe,Miandrivazo,45.35943625108251,-19.160376710711784,11.511463,5.0,2015-03-04,03-04
2015-03-04 00:00:00,Menabe,Morondava,44.39375273386637,-20.56249936421712,1.8777372,5.0,2015-03-04,03-04
2015-03-04 00:00:00,Sava,Andapa,49.55000212385848,-14.555403606311694,16.993996,7.0,2015-03-04,03-04
2015-03-04 00:00:00,Sava,Antalaha,50.14655396033977,-15.236205101013184,20.87928,7.0,2015-03-04,03-04
2015-03-04 00:00:00,Sava,Sambava,49.80128410534981,-14.224357335995405,19.431929,7.0,2015-03-04,03-04
2015-03-04 00:00:00,Sava,Vohemar,49.71666937163382,-13.495452967557041,23.831367,7.0,2015-03-04,03-04
2015-03-04 00:00:00,Sofia,Analalava,47.789728190800915,-14.711642160807571,18.460537,4.0,2015-03-04,03-04
2015-03-04 00:00:00,Sofia,Antsohihy,48.05488018873261,-14.989022673630133,14.315571,4.0,2015-03-04,03-04
2015-03-04 00:00:00,Sofia,Bealanana,48.828573771885466,-14.546426773071289,24.312407,4.0,2015-03-04,03-04
2015-03-04 00:00:00,Sofia,Befandriana Nord,48.78289714612459,-15.159208950243498,26.668869,4.0,2015-03-04,03-04
2015-03-04 00:00:00,Sofia,Mampikony,47.698720394036705,-16.165383338928223,20.435001,4.0,2015-03-04,03-04
2015-03-04 00:00:00,Sofia,Mandritsara,48.737211804057274,-16.04185911666515,27.672749,4.0,2015-03-04,03-04
2015-03-04 00:00:00,Sofia,Port-Berge (Boriziny-Vaovao),47.71440855123229,-15.704235577987411,16.157745,4.0,2015-03-04,03-04
2015-03-04 00:00:00,Vakinankaratra,Ambatolampy,47.54230998112605,-19.465384556696964,19.002977,1.0,2015-03-04,03-04
2015-03-04 00:00:00,Vakinankaratra,Antanifotsy,47.51923223642203,-19.75384521484375,10.583881,1.0,2015-03-04,03-04
2015-03-04 00:00:00,Vakinankaratra,Antsirabe I,47.04999923706055,-19.85000228881836,2.722589,1.0,2015-03-04,03-04
2015-03-04 00:00:00,Vakinankaratra,Antsirabe II,47.15435077833093,-19.906521175218664,3.2478418,1.0,2015-03-04,03-04
2015-03-04 00:00:00,Vakinankaratra,Betafo,46.68428791591099,-19.935713086809432,2.6258051,1.0,2015-03-04,03-04
2015-03-04 00:00:00,Vakinankaratra,Faratsiho,46.90882671580595,-19.391176784739773,2.3338182,1.0,2015-03-04,03-04
2015-03-04 00:00:00,Vakinankaratra,Mandoto,46.19651448449423,-19.673255121985147,2.9123628,1.0,2015-03-04,03-04
2015-03-04 00:00:00,Vatovavy Fitovinany,Ifanadiana,47.62941315594841,-21.07941100176643,1.7182806,2.0,2015-03-04,03-04
2015-03-04 00:00:00,Vatovavy Fitovinany,Ikongo,47.45800338745117,-21.89399917602539,1.472956,2.0,2015-03-04,03-04
2015-03-04 00:00:00,Vatovavy Fitovinany,Manakara Atsimo,47.863795181800576,-21.912067676412647,4.65583,2.0,2015-03-04,03-04
2015-03-04 00:00:00,Vatovavy Fitovinany,Mananjary,48.084045166664936,-21.194680640038023,8.688616,2.0,2015-03-04,03-04
2015-03-04 00:00:00,Vatovavy Fitovinany,Nosy-Varika,48.167649886187384,-20.552940144258386,21.102798,2.0,2015-03-04,03-04
2015-03-04 00:00:00,Vatovavy Fitovinany,Vohipeno,47.66818410700018,-22.331817973743785,1.2944417,2.0,2015-03-04,03-04
2015-03-05 00:00:00,Alaotra Mangoro,Ambatondrazaka,48.45000208979068,-17.93043385381284,6.2755632,3.0,2015-03-05,03-05
2015-03-05 00:00:00,Alaotra Mangoro,Amparafaravola,48.34750175476074,-17.437499046325684,9.820004,3.0,2015-03-05,03-05
2015-03-05 00:00:00,Alaotra Mangoro,Andilamena,48.33593988418579,-16.718749523162842,11.5381365,3.0,2015-03-05,03-05
2015-03-05 00:00:00,Alaotra Mangoro,Anosibe-An'ala,48.120835622151695,-19.50833257039388,7.2968407,3.0,2015-03-05,03-05
2015-03-05 00:00:00,Alaotra Mangoro,Moramanga,48.253228341379476,-18.817741147933468,7.122329,3.0,2015-03-05,03-05
2015-03-05 00:00:00,Amoron I Mania,Ambatofinandrahana,46.302176434060804,-20.493477614029594,12.827528,2.0,2015-03-05,03-05
2015-03-05 00:00:00,Amoron I Mania,Ambositra,47.307694948636566,-20.59615267240084,6.540368,2.0,2015-03-05,03-05
2015-03-05 00:00:00,Amoron I Mania,Fandriana,47.444739291542454,-20.27105170802066,6.3717036,2.0,2015-03-05,03-05
2015-03-05 00:00:00,Amoron I Mania,Manandriana,47.02500343322754,-20.774999618530273,5.335784,2.0,2015-03-05,03-05
2015-03-05 00:00:00,Analamanga,Ambohidratrimo,47.433336893717446,-18.683331807454426,12.012623,1.0,2015-03-05,03-05
2015-03-05 00:00:00,Analamanga,Andramasina,47.742858341761995,-19.299998692103795,3.5702453,1.0,2015-03-05,03-05
2015-03-05 00:00:00,Analamanga,Anjozorobe,47.741894593109954,-18.1986482981089,9.726198,1.0,2015-03-05,03-05
2015-03-05 00:00:00,Analamanga,Ankazobe,47.039395997018524,-18.16666620427912,10.92945,1.0,2015-03-05,03-05
2015-03-05 00:00:00,Analamanga,Antananarivo Atsimondrano,47.48333867390951,-19.016666412353516,4.904314,1.0,2015-03-05,03-05
2015-03-05 00:00:00,Analamanga,Antananarivo Avaradrano,47.607145581926616,-18.878571101597377,6.787192,1.0,2015-03-05,03-05
2015-03-05 00:00:00,Analamanga,Manjakandriana,47.788461245023285,-18.826922196608322,6.1176424,1.0,2015-03-05,03-05
2015-03-05 00:00:00,Analanjirofo,Fenerive Est,49.19231033325195,-17.1538452735314,16.172985,3.0,2015-03-05,03-05
2015-03-05 00:00:00,Analanjirofo,Mananara-Avaratra,49.498650525067305,-16.23648584211195,66.10541,3.0,2015-03-05,03-05
2015-03-05 00:00:00,Analanjirofo,Maroantsetra,49.480359486171174,-15.478569984436035,41.4214,3.0,2015-03-05,03-05
2015-03-05 00:00:00,Analanjirofo,Sainte Marie,49.90000534057617,-16.950000762939453,63.495674,3.0,2015-03-05,03-05
2015-03-05 00:00:00,Analanjirofo,Soanierana Ivongo,49.317569938865866,-16.717566928348027,34.030132,3.0,2015-03-05,03-05
2015-03-05 00:00:00,Analanjirofo,Vavatenina,49.01800277709961,-17.521999053955078,11.529015,3.0,2015-03-05,03-05
2015-03-05 00:00:00,Androy,Ambovombe-Androy,45.79827815088733,-24.858619953023975,0.00092142867,5.0,2015-03-05,03-05
2015-03-05 00:00:00,Androy,Bekily,45.40116500854492,-24.24999937900277,0.020080065,5.0,2015-03-05,03-05
2015-03-05 00:00:00,Androy,Beloha,45.03604844559071,-25.073254696158475,0.000116279065,5.0,2015-03-05,03-05
2015-03-05 00:00:00,Androy,Tsihombe,45.450002670288086,-25.370833079020183,0.0014041954,5.0,2015-03-05,03-05
2015-03-05 00:00:00,Anosy,Amboasary-Atsimo,46.364609064680806,-24.4230329106363,0.44735828,5.0,2015-03-05,03-05
2015-03-05 00:00:00,Anosy,Betroka,45.88196957697634,-23.36967143074411,0.36642435,5.0,2015-03-05,03-05
2015-03-05 00:00:00,Anosy,Taolagnaro,46.965386610764725,-24.6269221672645,6.196993,5.0,2015-03-05,03-05
2015-03-05 00:00:00,Atsimo Andrefana,Ampanihy Ouest,44.48440231323242,-24.52199917602539,0.29358187,5.0,2015-03-05,03-05
2015-03-05 00:00:00,Atsimo Andrefana,Ankazoabo,44.66818410700018,-22.157575318307586,0.34917733,5.0,2015-03-05,03-05
2015-03-05 00:00:00,Atsimo Andrefana,Benenitra,45.0961562914726,-23.4038450779059,0.11596325,5.0,2015-03-05,03-05
2015-03-05 00:00:00,Atsimo Andrefana,Beroroha,45.20625185966492,-21.48906171321869,3.0157163,5.0,2015-03-05,03-05
2015-03-05 00:00:00,Atsimo Andrefana,Betioky Atsimo,44.49143055507115,-23.671427808489117,1.5008366,5.0,2015-03-05,03-05
2015-03-05 00:00:00,Atsimo Andrefana,Morombe,43.692426392526336,-22.018181078361742,4.6369247,5.0,2015-03-05,03-05
2015-03-05 00:00:00,Atsimo Andrefana,Sakaraha,44.45540794166359,-22.777026305327546,2.3688333,5.0,2015-03-05,03-05
2015-03-05 00:00:00,Atsimo Andrefana,Toliary-I,43.65000534057617,-23.35000228881836,1.165,5.0,2015-03-05,03-05
2015-03-05 00:00:00,Atsimo Andrefana,Toliary-II,43.78764949125402,-23.19588151819566,3.4427533,5.0,2015-03-05,03-05
2015-03-05 00:00:00,Atsimo Atsinanana,Befotaka,46.81333592732747,-23.866665903727213,5.673844,2.0,2015-03-05,03-05
2015-03-05 00:00:00,Atsimo Atsinanana,Farafangana,47.67916742960612,-22.79583231608073,63.815594,2.0,2015-03-05,03-05
2015-03-05 00:00:00,Atsimo Atsinanana,Midongy-Atsimo,47.00238527570452,-23.326189495268324,26.136257,2.0,2015-03-05,03-05
2015-03-05 00:00:00,Atsimo Atsinanana,Vangaindrano,47.3977297002619,-23.545453851873223,38.038048,2.0,2015-03-05,03-05
2015-03-05 00:00:00,Atsimo Atsinanana,Vondrozo,47.32407591078017,-22.687036443639684,52.332638,2.0,2015-03-05,03-05
2015-03-05 00:00:00,Atsinanana,Antanambao Manampontsy,48.46000289916992,-19.559999084472658,5.5982614,3.0,2015-03-05,03-05
2015-03-05 00:00:00,Atsinanana,Brickaville,48.857274905118075,-18.648181221701883,16.278797,3.0,2015-03-05,03-05
2015-03-05 00:00:00,Atsinanana,Mahanoro,48.51774412585843,-20.037095715922693,8.843608,3.0,2015-03-05,03-05
2015-03-05 00:00:00,Atsinanana,Marolambo,47.99333521525065,-20.083333079020182,7.417522,3.0,2015-03-05,03-05
2015-03-05 00:00:00,Atsinanana,Toamasina II,49.137501907348636,-18.004999351501464,10.57471,3.0,2015-03-05,03-05
2015-03-05 00:00:00,Atsinanana,Vatomandry,48.78500213623047,-19.389999008178712,8.665196,3.0,2015-03-05,03-05
2015-03-05 00:00:00,Betsiboka,Kandreho,46.059261322021484,-17.418517642551,0.8995023,4.0,2015-03-05,03-05
2015-03-05 00:00:00,Betsiboka,Maevatanana,46.91179969873321,-17.242133879929447,5.1333194,4.0,2015-03-05,03-05
2015-03-05 00:00:00,Betsiboka,Tsaratanana,47.64019872628006,-17.14117551317402,10.007059,4.0,2015-03-05,03-05
2015-03-05 00:00:00,Boeny,Ambato Boeni,46.47666915893555,-16.67133295694987,1.7584265,4.0,2015-03-05,03-05
2015-03-05 00:00:00,Boeny,Mahajanga II,46.78658825013696,-15.623169015093547,1.8483999,4.0,2015-03-05,03-05
2015-03-05 00:00:00,Boeny,Marovoay,46.63478469848633,-16.149998519731604,1.0705426,4.0,2015-03-05,03-05
2015-03-05 00:00:00,Boeny,Mitsinjo,45.9380974542527,-16.088094416118803,1.0698156,4.0,2015-03-05,03-05
2015-03-05 00:00:00,Boeny,Soalala,45.40312719345093,-16.48281167447567,3.9060566,4.0,2015-03-05,03-05
2015-03-05 00:00:00,Bongolava,Fenoarivobe,46.33730431208535,-18.27380897885277,3.7872574,1.0,2015-03-05,03-05
2015-03-05 00:00:00,Bongolava,Tsiroanomandidy,45.96460882465491,-18.836515833822528,10.986743,1.0,2015-03-05,03-05
2015-03-05 00:00:00,Diana,Ambanja,48.48469660233478,-13.862243243626185,11.373763,7.0,2015-03-05,03-05
2015-03-05 00:00:00,Diana,Ambilobe,49.08283797306801,-13.484326504949314,9.893158,7.0,2015-03-05,03-05
2015-03-05 00:00:00,Diana,Antsiranana I,49.249996185302734,-12.249995231628418,25.37766,7.0,2015-03-05,03-05
2015-03-05 00:00:00,Diana,Antsiranana II,49.21444693671332,-12.618887477450901,17.046604,7.0,2015-03-05,03-05
2015-03-05 00:00:00,Diana,Nosy-Be,48.29999923706055,-13.40000057220459,8.387047,7.0,2015-03-05,03-05
2015-03-05 00:00:00,Haute Matsiatra,Ambalavao,46.73571650187174,-21.897618248349143,6.1764846,2.0,2015-03-05,03-05
2015-03-05 00:00:00,Haute Matsiatra,Ambohimahasoa,47.165385026198166,-21.057691427377556,1.2606786,2.0,2015-03-05,03-05
2015-03-05 00:00:00,Haute Matsiatra,Fianarantsoa I,47.04999923706055,-21.450000762939453,0.43052036,2.0,2015-03-05,03-05
2015-03-05 00:00:00,Haute Matsiatra,Ikalamavony,46.22701381814891,-21.29597626609364,1.3125881,2.0,2015-03-05,03-05
2015-03-05 00:00:00,Haute Matsiatra,Isandra,46.913639762184836,-21.259090423583984,1.1942693,2.0,2015-03-05,03-05
2015-03-05 00:00:00,Haute Matsiatra,Lalangina,47.26111306084527,-21.383333418104385,1.092824,2.0,2015-03-05,03-05
2015-03-05 00:00:00,Haute Matsiatra,Vohibato,47.081580111854954,-21.660524669446442,4.0646787,2.0,2015-03-05,03-05
2015-03-05 00:00:00,Ihorombe,Iakora,46.65263306467157,-23.165788951673004,11.455908,2.0,2015-03-05,03-05
2015-03-05 00:00:00,Ihorombe,Ihosy,45.828147862920694,-22.35264827399854,0.788996,2.0,2015-03-05,03-05
2015-03-05 00:00:00,Ihorombe,Ivohibe,46.92368698120117,-22.52631498637952,19.216726,2.0,2015-03-05,03-05
2015-03-05 00:00:00,Itasy,Arivonimamo,47.25666834513346,-19.069998931884765,14.382533,1.0,2015-03-05,03-05
2015-03-05 00:00:00,Itasy,Miarinarivo,46.85000228881836,-18.904544830322266,18.791296,1.0,2015-03-05,03-05
2015-03-05 00:00:00,Itasy,Soavinandriana,46.56176645615522,-19.208822138169232,41.086765,1.0,2015-03-05,03-05
2015-03-05 00:00:00,Melaky,Ambatomainty,45.589026381329795,-17.740243027849896,0.8882068,4.0,2015-03-05,03-05
2015-03-05 00:00:00,Melaky,Antsalova,44.620493841952964,-18.83852367713803,15.37477,4.0,2015-03-05,03-05
2015-03-05 00:00:00,Melaky,Besalampy,44.91019673023409,-16.905339176215016,5.370001,4.0,2015-03-05,03-05
2015-03-05 00:00:00,Melaky,Maintirano,44.3178592863537,-17.753570829119003,6.059513,4.0,2015-03-05,03-05
2015-03-05 00:00:00,Melaky,Morafenobe,44.95164158305184,-17.935244763483766,2.4873738,4.0,2015-03-05,03-05
2015-03-05 00:00:00,Menabe,Belo Sur Tsiribihina,44.85588477639591,-19.64705826254452,38.840527,5.0,2015-03-05,03-05
2015-03-05 00:00:00,Menabe,Mahabo,45.16880547287118,-20.649999145768646,13.674927,5.0,2015-03-05,03-05
2015-03-05 00:00:00,Menabe,Manja,44.194874396690956,-21.41410162510016,0.60381687,5.0,2015-03-05,03-05
2015-03-05 00:00:00,Menabe,Miandrivazo,45.35943625108251,-19.160376710711784,21.046299,5.0,2015-03-05,03-05
2015-03-05 00:00:00,Menabe,Morondava,44.39375273386637,-20.56249936421712,20.951551,5.0,2015-03-05,03-05
2015-03-05 00:00:00,Sava,Andapa,49.55000212385848,-14.555403606311694,21.340855,7.0,2015-03-05,03-05
2015-03-05 00:00:00,Sava,Antalaha,50.14655396033977,-15.236205101013184,79.76812,7.0,2015-03-05,03-05
2015-03-05 00:00:00,Sava,Sambava,49.80128410534981,-14.224357335995405,22.9662,7.0,2015-03-05,03-05
2015-03-05 00:00:00,Sava,Vohemar,49.71666937163382,-13.495452967557041,14.552142,7.0,2015-03-05,03-05
2015-03-05 00:00:00,Sofia,Analalava,47.789728190800915,-14.711642160807571,11.12972,4.0,2015-03-05,03-05
2015-03-05 00:00:00,Sofia,Antsohihy,48.05488018873261,-14.989022673630133,8.767651,4.0,2015-03-05,03-05
2015-03-05 00:00:00,Sofia,Bealanana,48.828573771885466,-14.546426773071289,10.160119,4.0,2015-03-05,03-05
2015-03-05 00:00:00,Sofia,Befandriana Nord,48.78289714612459,-15.159208950243498,10.35537,4.0,2015-03-05,03-05
2015-03-05 00:00:00,Sofia,Mampikony,47.698720394036705,-16.165383338928223,3.681891,4.0,2015-03-05,03-05
2015-03-05 00:00:00,Sofia,Mandritsara,48.737211804057274,-16.04185911666515,22.323267,4.0,2015-03-05,03-05
2015-03-05 00:00:00,Sofia,Port-Berge (Boriziny-Vaovao),47.71440855123229,-15.704235577987411,7.27513,4.0,2015-03-05,03-05
2015-03-05 00:00:00,Vakinankaratra,Ambatolampy,47.54230998112605,-19.465384556696964,3.3705716,1.0,2015-03-05,03-05
2015-03-05 00:00:00,Vakinankaratra,Antanifotsy,47.51923223642203,-19.75384521484375,4.435376,1.0,2015-03-05,03-05
2015-03-05 00:00:00,Vakinankaratra,Antsirabe I,47.04999923706055,-19.85000228881836,16.00698,1.0,2015-03-05,03-05
2015-03-05 00:00:00,Vakinankaratra,Antsirabe II,47.15435077833093,-19.906521175218664,10.178375,1.0,2015-03-05,03-05
2015-03-05 00:00:00,Vakinankaratra,Betafo,46.68428791591099,-19.935713086809432,26.924498,1.0,2015-03-05,03-05
2015-03-05 00:00:00,Vakinankaratra,Faratsiho,46.90882671580595,-19.391176784739773,22.56791,1.0,2015-03-05,03-05
2015-03-05 00:00:00,Vakinankaratra,Mandoto,46.19651448449423,-19.673255121985147,37.218338,1.0,2015-03-05,03-05
2015-03-05 00:00:00,Vatovavy Fitovinany,Ifanadiana,47.62941315594841,-21.07941100176643,2.7210038,2.0,2015-03-05,03-05
2015-03-05 00:00:00,Vatovavy Fitovinany,Ikongo,47.45800338745117,-21.89399917602539,26.911583,2.0,2015-03-05,03-05
2015-03-05 00:00:00,Vatovavy Fitovinany,Manakara Atsimo,47.863795181800576,-21.912067676412647,50.4932,2.0,2015-03-05,03-05
2015-03-05 00:00:00,Vatovavy Fitovinany,Mananjary,48.084045166664936,-21.194680640038023,15.624935,2.0,2015-03-05,03-05
2015-03-05 00:00:00,Vatovavy Fitovinany,Nosy-Varika,48.167649886187384,-20.552940144258386,11.480857,2.0,2015-03-05,03-05
2015-03-05 00:00:00,Vatovavy Fitovinany,Vohipeno,47.66818410700018,-22.331817973743785,65.25304,2.0,2015-03-05,03-05
2015-03-06 00:00:00,Alaotra Mangoro,Ambatondrazaka,48.45000208979068,-17.93043385381284,35.37705,3.0,2015-03-06,03-06
2015-03-06 00:00:00,Alaotra Mangoro,Amparafaravola,48.34750175476074,-17.437499046325684,31.359898,3.0,2015-03-06,03-06
2015-03-06 00:00:00,Alaotra Mangoro,Andilamena,48.33593988418579,-16.718749523162842,27.210026,3.0,2015-03-06,03-06
2015-03-06 00:00:00,Alaotra Mangoro,Anosibe-An'ala,48.120835622151695,-19.50833257039388,1.6073364,3.0,2015-03-06,03-06
2015-03-06 00:00:00,Alaotra Mangoro,Moramanga,48.253228341379476,-18.817741147933468,3.6886296,3.0,2015-03-06,03-06
2015-03-06 00:00:00,Amoron I Mania,Ambatofinandrahana,46.302176434060804,-20.493477614029594,9.575025,2.0,2015-03-06,03-06
2015-03-06 00:00:00,Amoron I Mania,Ambositra,47.307694948636566,-20.59615267240084,0.7478756,2.0,2015-03-06,03-06
2015-03-06 00:00:00,Amoron I Mania,Fandriana,47.444739291542454,-20.27105170802066,0.34722066,2.0,2015-03-06,03-06
2015-03-06 00:00:00,Amoron I Mania,Manandriana,47.02500343322754,-20.774999618530273,0.6570762,2.0,2015-03-06,03-06
2015-03-06 00:00:00,Analamanga,Ambohidratrimo,47.433336893717446,-18.683331807454426,0.32969838,1.0,2015-03-06,03-06
2015-03-06 00:00:00,Analamanga,Andramasina,47.742858341761995,-19.299998692103795,0.19912282,1.0,2015-03-06,03-06
2015-03-06 00:00:00,Analamanga,Anjozorobe,47.741894593109954,-18.1986482981089,3.4560065,1.0,2015-03-06,03-06
2015-03-06 00:00:00,Analamanga,Ankazobe,47.039395997018524,-18.16666620427912,8.716075,1.0,2015-03-06,03-06
2015-03-06 00:00:00,Analamanga,Antananarivo Atsimondrano,47.48333867390951,-19.016666412353516,0.6348753,1.0,2015-03-06,03-06
2015-03-06 00:00:00,Analamanga,Antananarivo Avaradrano,47.607145581926616,-18.878571101597377,1.738745,1.0,2015-03-06,03-06
2015-03-06 00:00:00,Analamanga,Manjakandriana,47.788461245023285,-18.826922196608322,0.232747,1.0,2015-03-06,03-06
2015-03-06 00:00:00,Analanjirofo,Fenerive Est,49.19231033325195,-17.1538452735314,90.43001,3.0,2015-03-06,03-06
2015-03-06 00:00:00,Analanjirofo,Mananara-Avaratra,49.498650525067305,-16.23648584211195,73.804085,3.0,2015-03-06,03-06
2015-03-06 00:00:00,Analanjirofo,Maroantsetra,49.480359486171174,-15.478569984436035,19.49527,3.0,2015-03-06,03-06
2015-03-06 00:00:00,Analanjirofo,Sainte Marie,49.90000534057617,-16.950000762939453,334.231,3.0,2015-03-06,03-06
2015-03-06 00:00:00,Analanjirofo,Soanierana Ivongo,49.317569938865866,-16.717566928348027,106.830086,3.0,2015-03-06,03-06
2015-03-06 00:00:00,Analanjirofo,Vavatenina,49.01800277709961,-17.521999053955078,78.25391,3.0,2015-03-06,03-06
2015-03-06 00:00:00,Androy,Ambovombe-Androy,45.79827815088733,-24.858619953023975,1.860563,5.0,2015-03-06,03-06
2015-03-06 00:00:00,Androy,Bekily,45.40116500854492,-24.24999937900277,0.68830824,5.0,2015-03-06,03-06
2015-03-06 00:00:00,Androy,Beloha,45.03604844559071,-25.073254696158475,0.58166254,5.0,2015-03-06,03-06
2015-03-06 00:00:00,Androy,Tsihombe,45.450002670288086,-25.370833079020183,0.03301845,5.0,2015-03-06,03-06
2015-03-06 00:00:00,Anosy,Amboasary-Atsimo,46.364609064680806,-24.4230329106363,2.0550616,5.0,2015-03-06,03-06
2015-03-06 00:00:00,Anosy,Betroka,45.88196957697634,-23.36967143074411,0.79845023,5.0,2015-03-06,03-06
2015-03-06 00:00:00,Anosy,Taolagnaro,46.965386610764725,-24.6269221672645,15.174516,5.0,2015-03-06,03-06
2015-03-06 00:00:00,Atsimo Andrefana,Ampanihy Ouest,44.48440231323242,-24.52199917602539,2.3686206,5.0,2015-03-06,03-06
2015-03-06 00:00:00,Atsimo Andrefana,Ankazoabo,44.66818410700018,-22.157575318307586,1.3188739,5.0,2015-03-06,03-06
2015-03-06 00:00:00,Atsimo Andrefana,Benenitra,45.0961562914726,-23.4038450779059,2.2832944,5.0,2015-03-06,03-06
2015-03-06 00:00:00,Atsimo Andrefana,Beroroha,45.20625185966492,-21.48906171321869,7.848403,5.0,2015-03-06,03-06
2015-03-06 00:00:00,Atsimo Andrefana,Betioky Atsimo,44.49143055507115,-23.671427808489117,2.3714736,5.0,2015-03-06,03-06
2015-03-06 00:00:00,Atsimo Andrefana,Morombe,43.692426392526336,-22.018181078361742,0.49335897,5.0,2015-03-06,03-06
2015-03-06 00:00:00,Atsimo Andrefana,Sakaraha,44.45540794166359,-22.777026305327546,3.9387145,5.0,2015-03-06,03-06
2015-03-06 00:00:00,Atsimo Andrefana,Toliary-I,43.65000534057617,-23.35000228881836,0.11372596,5.0,2015-03-06,03-06
2015-03-06 00:00:00,Atsimo Andrefana,Toliary-II,43.78764949125402,-23.19588151819566,5.038799,5.0,2015-03-06,03-06
2015-03-06 00:00:00,Atsimo Atsinanana,Befotaka,46.81333592732747,-23.866665903727213,9.902115,2.0,2015-03-06,03-06
2015-03-06 00:00:00,Atsimo Atsinanana,Farafangana,47.67916742960612,-22.79583231608073,27.21382,2.0,2015-03-06,03-06
2015-03-06 00:00:00,Atsimo Atsinanana,Midongy-Atsimo,47.00238527570452,-23.326189495268324,10.025867,2.0,2015-03-06,03-06
2015-03-06 00:00:00,Atsimo Atsinanana,Vangaindrano,47.3977297002619,-23.545453851873223,23.978792,2.0,2015-03-06,03-06
2015-03-06 00:00:00,Atsimo Atsinanana,Vondrozo,47.32407591078017,-22.687036443639684,22.529581,2.0,2015-03-06,03-06
2015-03-06 00:00:00,Atsinanana,Antanambao Manampontsy,48.46000289916992,-19.559999084472658,6.277866,3.0,2015-03-06,03-06
2015-03-06 00:00:00,Atsinanana,Brickaville,48.857274905118075,-18.648181221701883,66.361725,3.0,2015-03-06,03-06
2015-03-06 00:00:00,Atsinanana,Mahanoro,48.51774412585843,-20.037095715922693,20.611433,3.0,2015-03-06,03-06
2015-03-06 00:00:00,Atsinanana,Marolambo,47.99333521525065,-20.083333079020182,2.6826696,3.0,2015-03-06,03-06
2015-03-06 00:00:00,Atsinanana,Toamasina II,49.137501907348636,-18.004999351501464,110.07139,3.0,2015-03-06,03-06
2015-03-06 00:00:00,Atsinanana,Vatomandry,48.78500213623047,-19.389999008178712,33.99577,3.0,2015-03-06,03-06
2015-03-06 00:00:00,Betsiboka,Kandreho,46.059261322021484,-17.418517642551,1.2841971,4.0,2015-03-06,03-06
2015-03-06 00:00:00,Betsiboka,Maevatanana,46.91179969873321,-17.242133879929447,6.09628,4.0,2015-03-06,03-06
2015-03-06 00:00:00,Betsiboka,Tsaratanana,47.64019872628006,-17.14117551317402,13.788998,4.0,2015-03-06,03-06
2015-03-06 00:00:00,Boeny,Ambato Boeni,46.47666915893555,-16.67133295694987,8.081086,4.0,2015-03-06,03-06
2015-03-06 00:00:00,Boeny,Mahajanga II,46.78658825013696,-15.623169015093547,1.5151539,4.0,2015-03-06,03-06
2015-03-06 00:00:00,Boeny,Marovoay,46.63478469848633,-16.149998519731604,6.9118958,4.0,2015-03-06,03-06
2015-03-06 00:00:00,Boeny,Mitsinjo,45.9380974542527,-16.088094416118803,7.0481415,4.0,2015-03-06,03-06
2015-03-06 00:00:00,Boeny,Soalala,45.40312719345093,-16.48281167447567,8.156859,4.0,2015-03-06,03-06
2015-03-06 00:00:00,Bongolava,Fenoarivobe,46.33730431208535,-18.27380897885277,5.0403485,1.0,2015-03-06,03-06
2015-03-06 00:00:00,Bongolava,Tsiroanomandidy,45.96460882465491,-18.836515833822528,5.564168,1.0,2015-03-06,03-06
2015-03-06 00:00:00,Diana,Ambanja,48.48469660233478,-13.862243243626185,6.4642906,7.0,2015-03-06,03-06
2015-03-06 00:00:00,Diana,Ambilobe,49.08283797306801,-13.484326504949314,8.915802,7.0,2015-03-06,03-06
2015-03-06 00:00:00,Diana,Antsiranana I,49.249996185302734,-12.249995231628418,4.5659437,7.0,2015-03-06,03-06
2015-03-06 00:00:00,Diana,Antsiranana II,49.21444693671332,-12.618887477450901,10.312838,7.0,2015-03-06,03-06
2015-03-06 00:00:00,Diana,Nosy-Be,48.29999923706055,-13.40000057220459,7.852119,7.0,2015-03-06,03-06
2015-03-06 00:00:00,Haute Matsiatra,Ambalavao,46.73571650187174,-21.897618248349143,1.3289555,2.0,2015-03-06,03-06
2015-03-06 00:00:00,Haute Matsiatra,Ambohimahasoa,47.165385026198166,-21.057691427377556,0.7718462,2.0,2015-03-06,03-06
2015-03-06 00:00:00,Haute Matsiatra,Fianarantsoa I,47.04999923706055,-21.450000762939453,1.2196658,2.0,2015-03-06,03-06
2015-03-06 00:00:00,Haute Matsiatra,Ikalamavony,46.22701381814891,-21.29597626609364,0.5407039,2.0,2015-03-06,03-06
2015-03-06 00:00:00,Haute Matsiatra,Isandra,46.913639762184836,-21.259090423583984,0.5148645,2.0,2015-03-06,03-06
2015-03-06 00:00:00,Haute Matsiatra,Lalangina,47.26111306084527,-21.383333418104385,2.3638647,2.0,2015-03-06,03-06
2015-03-06 00:00:00,Haute Matsiatra,Vohibato,47.081580111854954,-21.660524669446442,4.366581,2.0,2015-03-06,03-06
2015-03-06 00:00:00,Ihorombe,Iakora,46.65263306467157,-23.165788951673004,3.04986,2.0,2015-03-06,03-06
2015-03-06 00:00:00,Ihorombe,Ihosy,45.828147862920694,-22.35264827399854,0.35739705,2.0,2015-03-06,03-06
2015-03-06 00:00:00,Ihorombe,Ivohibe,46.92368698120117,-22.52631498637952,5.704329,2.0,2015-03-06,03-06
2015-03-06 00:00:00,Itasy,Arivonimamo,47.25666834513346,-19.069998931884765,0.19366929,1.0,2015-03-06,03-06
2015-03-06 00:00:00,Itasy,Miarinarivo,46.85000228881836,-18.904544830322266,2.7814672,1.0,2015-03-06,03-06
2015-03-06 00:00:00,Itasy,Soavinandriana,46.56176645615522,-19.208822138169232,1.0812991,1.0,2015-03-06,03-06
2015-03-06 00:00:00,Melaky,Ambatomainty,45.589026381329795,-17.740243027849896,0.63428956,4.0,2015-03-06,03-06
2015-03-06 00:00:00,Melaky,Antsalova,44.620493841952964,-18.83852367713803,11.294016,4.0,2015-03-06,03-06
2015-03-06 00:00:00,Melaky,Besalampy,44.91019673023409,-16.905339176215016,8.865407,4.0,2015-03-06,03-06
2015-03-06 00:00:00,Melaky,Maintirano,44.3178592863537,-17.753570829119003,4.196472,4.0,2015-03-06,03-06
2015-03-06 00:00:00,Melaky,Morafenobe,44.95164158305184,-17.935244763483766,1.375184,4.0,2015-03-06,03-06
2015-03-06 00:00:00,Menabe,Belo Sur Tsiribihina,44.85588477639591,-19.64705826254452,49.943848,5.0,2015-03-06,03-06
2015-03-06 00:00:00,Menabe,Mahabo,45.16880547287118,-20.649999145768646,27.850527,5.0,2015-03-06,03-06
2015-03-06 00:00:00,Menabe,Manja,44.194874396690956,-21.41410162510016,10.435671,5.0,2015-03-06,03-06
2015-03-06 00:00:00,Menabe,Miandrivazo,45.35943625108251,-19.160376710711784,12.526222,5.0,2015-03-06,03-06
2015-03-06 00:00:00,Menabe,Morondava,44.39375273386637,-20.56249936421712,25.333921,5.0,2015-03-06,03-06
2015-03-06 00:00:00,Sava,Andapa,49.55000212385848,-14.555403606311694,3.3657064,7.0,2015-03-06,03-06
2015-03-06 00:00:00,Sava,Antalaha,50.14655396033977,-15.236205101013184,14.165138,7.0,2015-03-06,03-06
2015-03-06 00:00:00,Sava,Sambava,49.80128410534981,-14.224357335995405,9.924011,7.0,2015-03-06,03-06
2015-03-06 00:00:00,Sava,Vohemar,49.71666937163382,-13.495452967557041,8.26636,7.0,2015-03-06,03-06
2015-03-06 00:00:00,Sofia,Analalava,47.789728190800915,-14.711642160807571,1.6126189,4.0,2015-03-06,03-06
2015-03-06 00:00:00,Sofia,Antsohihy,48.05488018873261,-14.989022673630133,3.2701662,4.0,2015-03-06,03-06
2015-03-06 00:00:00,Sofia,Bealanana,48.828573771885466,-14.546426773071289,2.3679466,4.0,2015-03-06,03-06
2015-03-06 00:00:00,Sofia,Befandriana Nord,48.78289714612459,-15.159208950243498,4.9893146,4.0,2015-03-06,03-06
2015-03-06 00:00:00,Sofia,Mampikony,47.698720394036705,-16.165383338928223,9.432826,4.0,2015-03-06,03-06
2015-03-06 00:00:00,Sofia,Mandritsara,48.737211804057274,-16.04185911666515,32.938328,4.0,2015-03-06,03-06
2015-03-06 00:00:00,Sofia,Port-Berge (Boriziny-Vaovao),47.71440855123229,-15.704235577987411,9.231988,4.0,2015-03-06,03-06
2015-03-06 00:00:00,Vakinankaratra,Ambatolampy,47.54230998112605,-19.465384556696964,0.42629617,1.0,2015-03-06,03-06
2015-03-06 00:00:00,Vakinankaratra,Antanifotsy,47.51923223642203,-19.75384521484375,0.48481148,1.0,2015-03-06,03-06
2015-03-06 00:00:00,Vakinankaratra,Antsirabe I,47.04999923706055,-19.85000228881836,1.1709447,1.0,2015-03-06,03-06
2015-03-06 00:00:00,Vakinankaratra,Antsirabe II,47.15435077833093,-19.906521175218664,0.29263908,1.0,2015-03-06,03-06
2015-03-06 00:00:00,Vakinankaratra,Betafo,46.68428791591099,-19.935713086809432,2.5942142,1.0,2015-03-06,03-06
2015-03-06 00:00:00,Vakinankaratra,Faratsiho,46.90882671580595,-19.391176784739773,1.047595,1.0,2015-03-06,03-06
2015-03-06 00:00:00,Vakinankaratra,Mandoto,46.19651448449423,-19.673255121985147,14.312995,1.0,2015-03-06,03-06
2015-03-06 00:00:00,Vatovavy Fitovinany,Ifanadiana,47.62941315594841,-21.07941100176643,14.733147,2.0,2015-03-06,03-06
2015-03-06 00:00:00,Vatovavy Fitovinany,Ikongo,47.45800338745117,-21.89399917602539,17.080942,2.0,2015-03-06,03-06
2015-03-06 00:00:00,Vatovavy Fitovinany,Manakara Atsimo,47.863795181800576,-21.912067676412647,34.07639,2.0,2015-03-06,03-06
2015-03-06 00:00:00,Vatovavy Fitovinany,Mananjary,48.084045166664936,-21.194680640038023,46.7523,2.0,2015-03-06,03-06
2015-03-06 00:00:00,Vatovavy Fitovinany,Nosy-Varika,48.167649886187384,-20.552940144258386,17.82318,2.0,2015-03-06,03-06
2015-03-06 00:00:00,Vatovavy Fitovinany,Vohipeno,47.66818410700018,-22.331817973743785,25.393822,2.0,2015-03-06,03-06
2015-03-07 00:00:00,Alaotra Mangoro,Ambatondrazaka,48.45000208979068,-17.93043385381284,35.464928,3.0,2015-03-07,03-07
2015-03-07 00:00:00,Alaotra Mangoro,Amparafaravola,48.34750175476074,-17.437499046325684,17.313456,3.0,2015-03-07,03-07
2015-03-07 00:00:00,Alaotra Mangoro,Andilamena,48.33593988418579,-16.718749523162842,2.420195,3.0,2015-03-07,03-07
2015-03-07 00:00:00,Alaotra Mangoro,Anosibe-An'ala,48.120835622151695,-19.50833257039388,17.350685,3.0,2015-03-07,03-07
2015-03-07 00:00:00,Alaotra Mangoro,Moramanga,48.253228341379476,-18.817741147933468,27.726397,3.0,2015-03-07,03-07
2015-03-07 00:00:00,Amoron I Mania,Ambatofinandrahana,46.302176434060804,-20.493477614029594,14.652588,2.0,2015-03-07,03-07
2015-03-07 00:00:00,Amoron I Mania,Ambositra,47.307694948636566,-20.59615267240084,4.6978126,2.0,2015-03-07,03-07
2015-03-07 00:00:00,Amoron I Mania,Fandriana,47.444739291542454,-20.27105170802066,5.835901,2.0,2015-03-07,03-07
2015-03-07 00:00:00,Amoron I Mania,Manandriana,47.02500343322754,-20.774999618530273,1.062891,2.0,2015-03-07,03-07
2015-03-07 00:00:00,Analamanga,Ambohidratrimo,47.433336893717446,-18.683331807454426,16.190084,1.0,2015-03-07,03-07
2015-03-07 00:00:00,Analamanga,Andramasina,47.742858341761995,-19.299998692103795,3.2468896,1.0,2015-03-07,03-07
2015-03-07 00:00:00,Analamanga,Anjozorobe,47.741894593109954,-18.1986482981089,19.896152,1.0,2015-03-07,03-07
2015-03-07 00:00:00,Analamanga,Ankazobe,47.039395997018524,-18.16666620427912,6.468788,1.0,2015-03-07,03-07
2015-03-07 00:00:00,Analamanga,Antananarivo Atsimondrano,47.48333867390951,-19.016666412353516,9.100535,1.0,2015-03-07,03-07
2015-03-07 00:00:00,Analamanga,Antananarivo Avaradrano,47.607145581926616,-18.878571101597377,13.27198,1.0,2015-03-07,03-07
2015-03-07 00:00:00,Analamanga,Manjakandriana,47.788461245023285,-18.826922196608322,9.832955,1.0,2015-03-07,03-07
2015-03-07 00:00:00,Analanjirofo,Fenerive Est,49.19231033325195,-17.1538452735314,10.8054085,3.0,2015-03-07,03-07
2015-03-07 00:00:00,Analanjirofo,Mananara-Avaratra,49.498650525067305,-16.23648584211195,2.4982896,3.0,2015-03-07,03-07
2015-03-07 00:00:00,Analanjirofo,Maroantsetra,49.480359486171174,-15.478569984436035,2.5899684,3.0,2015-03-07,03-07
2015-03-07 00:00:00,Analanjirofo,Sainte Marie,49.90000534057617,-16.950000762939453,10.140299,3.0,2015-03-07,03-07
2015-03-07 00:00:00,Analanjirofo,Soanierana Ivongo,49.317569938865866,-16.717566928348027,3.0048091,3.0,2015-03-07,03-07
2015-03-07 00:00:00,Analanjirofo,Vavatenina,49.01800277709961,-17.521999053955078,28.143248,3.0,2015-03-07,03-07
2015-03-07 00:00:00,Androy,Ambovombe-Androy,45.79827815088733,-24.858619953023975,0.2947887,5.0,2015-03-07,03-07
2015-03-07 00:00:00,Androy,Bekily,45.40116500854492,-24.24999937900277,1.6489153,5.0,2015-03-07,03-07
2015-03-07 00:00:00,Androy,Beloha,45.03604844559071,-25.073254696158475,0.695331,5.0,2015-03-07,03-07
2015-03-07 00:00:00,Androy,Tsihombe,45.450002670288086,-25.370833079020183,0.0048286277,5.0,2015-03-07,03-07
2015-03-07 00:00:00,Anosy,Amboasary-Atsimo,46.364609064680806,-24.4230329106363,0.27136737,5.0,2015-03-07,03-07
2015-03-07 00:00:00,Anosy,Betroka,45.88196957697634,-23.36967143074411,0.96945584,5.0,2015-03-07,03-07
2015-03-07 00:00:00,Anosy,Taolagnaro,46.965386610764725,-24.6269221672645,2.0049143,5.0,2015-03-07,03-07
2015-03-07 00:00:00,Atsimo Andrefana,Ampanihy Ouest,44.48440231323242,-24.52199917602539,1.4833527,5.0,2015-03-07,03-07
2015-03-07 00:00:00,Atsimo Andrefana,Ankazoabo,44.66818410700018,-22.157575318307586,14.0446,5.0,2015-03-07,03-07
2015-03-07 00:00:00,Atsimo Andrefana,Benenitra,45.0961562914726,-23.4038450779059,5.6464334,5.0,2015-03-07,03-07
2015-03-07 00:00:00,Atsimo Andrefana,Beroroha,45.20625185966492,-21.48906171321869,20.66575,5.0,2015-03-07,03-07
2015-03-07 00:00:00,Atsimo Andrefana,Betioky Atsimo,44.49143055507115,-23.671427808489117,11.590639,5.0,2015-03-07,03-07
2015-03-07 00:00:00,Atsimo Andrefana,Morombe,43.692426392526336,-22.018181078361742,16.993195,5.0,2015-03-07,03-07
2015-03-07 00:00:00,Atsimo Andrefana,Sakaraha,44.45540794166359,-22.777026305327546,6.05992,5.0,2015-03-07,03-07
2015-03-07 00:00:00,Atsimo Andrefana,Toliary-I,43.65000534057617,-23.35000228881836,0.075249426,5.0,2015-03-07,03-07
2015-03-07 00:00:00,Atsimo Andrefana,Toliary-II,43.78764949125402,-23.19588151819566,4.489727,5.0,2015-03-07,03-07
2015-03-07 00:00:00,Atsimo Atsinanana,Befotaka,46.81333592732747,-23.866665903727213,2.126063,2.0,2015-03-07,03-07
2015-03-07 00:00:00,Atsimo Atsinanana,Farafangana,47.67916742960612,-22.79583231608073,38.840294,2.0,2015-03-07,03-07
2015-03-07 00:00:00,Atsimo Atsinanana,Midongy-Atsimo,47.00238527570452,-23.326189495268324,9.530034,2.0,2015-03-07,03-07
2015-03-07 00:00:00,Atsimo Atsinanana,Vangaindrano,47.3977297002619,-23.545453851873223,25.669207,2.0,2015-03-07,03-07
2015-03-07 00:00:00,Atsimo Atsinanana,Vondrozo,47.32407591078017,-22.687036443639684,13.906103,2.0,2015-03-07,03-07
2015-03-07 00:00:00,Atsinanana,Antanambao Manampontsy,48.46000289916992,-19.559999084472658,50.068424,3.0,2015-03-07,03-07
2015-03-07 00:00:00,Atsinanana,Brickaville,48.857274905118075,-18.648181221701883,105.98735,3.0,2015-03-07,03-07
2015-03-07 00:00:00,Atsinanana,Mahanoro,48.51774412585843,-20.037095715922693,59.945324,3.0,2015-03-07,03-07
2015-03-07 00:00:00,Atsinanana,Marolambo,47.99333521525065,-20.083333079020182,20.585955,3.0,2015-03-07,03-07
2015-03-07 00:00:00,Atsinanana,Toamasina II,49.137501907348636,-18.004999351501464,75.681206,3.0,2015-03-07,03-07
2015-03-07 00:00:00,Atsinanana,Vatomandry,48.78500213623047,-19.389999008178712,121.32265,3.0,2015-03-07,03-07
2015-03-07 00:00:00,Betsiboka,Kandreho,46.059261322021484,-17.418517642551,5.459473,4.0,2015-03-07,03-07
2015-03-07 00:00:00,Betsiboka,Maevatanana,46.91179969873321,-17.242133879929447,5.1796393,4.0,2015-03-07,03-07
2015-03-07 00:00:00,Betsiboka,Tsaratanana,47.64019872628006,-17.14117551317402,5.1035953,4.0,2015-03-07,03-07
2015-03-07 00:00:00,Boeny,Ambato Boeni,46.47666915893555,-16.67133295694987,7.7692246,4.0,2015-03-07,03-07
2015-03-07 00:00:00,Boeny,Mahajanga II,46.78658825013696,-15.623169015093547,2.184458,4.0,2015-03-07,03-07
2015-03-07 00:00:00,Boeny,Marovoay,46.63478469848633,-16.149998519731604,3.8459523,4.0,2015-03-07,03-07
2015-03-07 00:00:00,Boeny,Mitsinjo,45.9380974542527,-16.088094416118803,6.202049,4.0,2015-03-07,03-07
2015-03-07 00:00:00,Boeny,Soalala,45.40312719345093,-16.48281167447567,3.0432272,4.0,2015-03-07,03-07
2015-03-07 00:00:00,Bongolava,Fenoarivobe,46.33730431208535,-18.27380897885277,3.3972428,1.0,2015-03-07,03-07
2015-03-07 00:00:00,Bongolava,Tsiroanomandidy,45.96460882465491,-18.836515833822528,12.613307,1.0,2015-03-07,03-07
2015-03-07 00:00:00,Diana,Ambanja,48.48469660233478,-13.862243243626185,7.137819,7.0,2015-03-07,03-07
2015-03-07 00:00:00,Diana,Ambilobe,49.08283797306801,-13.484326504949314,17.308641,7.0,2015-03-07,03-07
2015-03-07 00:00:00,Diana,Antsiranana I,49.249996185302734,-12.249995231628418,38.082943,7.0,2015-03-07,03-07
2015-03-07 00:00:00,Diana,Antsiranana II,49.21444693671332,-12.618887477450901,18.278471,7.0,2015-03-07,03-07
2015-03-07 00:00:00,Diana,Nosy-Be,48.29999923706055,-13.40000057220459,18.335102,7.0,2015-03-07,03-07
2015-03-07 00:00:00,Haute Matsiatra,Ambalavao,46.73571650187174,-21.897618248349143,1.6834998,2.0,2015-03-07,03-07
2015-03-07 00:00:00,Haute Matsiatra,Ambohimahasoa,47.165385026198166,-21.057691427377556,1.2804488,2.0,2015-03-07,03-07
2015-03-07 00:00:00,Haute Matsiatra,Fianarantsoa I,47.04999923706055,-21.450000762939453,1.1280092,2.0,2015-03-07,03-07
2015-03-07 00:00:00,Haute Matsiatra,Ikalamavony,46.22701381814891,-21.29597626609364,1.1001801,2.0,2015-03-07,03-07
2015-03-07 00:00:00,Haute Matsiatra,Isandra,46.913639762184836,-21.259090423583984,0.68223315,2.0,2015-03-07,03-07
2015-03-07 00:00:00,Haute Matsiatra,Lalangina,47.26111306084527,-21.383333418104385,1.2252743,2.0,2015-03-07,03-07
2015-03-07 00:00:00,Haute Matsiatra,Vohibato,47.081580111854954,-21.660524669446442,2.7283049,2.0,2015-03-07,03-07
2015-03-07 00:00:00,Ihorombe,Iakora,46.65263306467157,-23.165788951673004,1.4109559,2.0,2015-03-07,03-07
2015-03-07 00:00:00,Ihorombe,Ihosy,45.828147862920694,-22.35264827399854,0.8796013,2.0,2015-03-07,03-07
2015-03-07 00:00:00,Ihorombe,Ivohibe,46.92368698120117,-22.52631498637952,4.0564966,2.0,2015-03-07,03-07
2015-03-07 00:00:00,Itasy,Arivonimamo,47.25666834513346,-19.069998931884765,13.543786,1.0,2015-03-07,03-07
2015-03-07 00:00:00,Itasy,Miarinarivo,46.85000228881836,-18.904544830322266,18.555092,1.0,2015-03-07,03-07
2015-03-07 00:00:00,Itasy,Soavinandriana,46.56176645615522,-19.208822138169232,30.750542,1.0,2015-03-07,03-07
2015-03-07 00:00:00,Melaky,Ambatomainty,45.589026381329795,-17.740243027849896,5.335905,4.0,2015-03-07,03-07
2015-03-07 00:00:00,Melaky,Antsalova,44.620493841952964,-18.83852367713803,15.106398,4.0,2015-03-07,03-07
2015-03-07 00:00:00,Melaky,Besalampy,44.91019673023409,-16.905339176215016,8.104841,4.0,2015-03-07,03-07
2015-03-07 00:00:00,Melaky,Maintirano,44.3178592863537,-17.753570829119003,4.8898096,4.0,2015-03-07,03-07
2015-03-07 00:00:00,Melaky,Morafenobe,44.95164158305184,-17.935244763483766,4.184279,4.0,2015-03-07,03-07
2015-03-07 00:00:00,Menabe,Belo Sur Tsiribihina,44.85588477639591,-19.64705826254452,32.820377,5.0,2015-03-07,03-07
2015-03-07 00:00:00,Menabe,Mahabo,45.16880547287118,-20.649999145768646,26.812021,5.0,2015-03-07,03-07
2015-03-07 00:00:00,Menabe,Manja,44.194874396690956,-21.41410162510016,36.717514,5.0,2015-03-07,03-07
2015-03-07 00:00:00,Menabe,Miandrivazo,45.35943625108251,-19.160376710711784,16.040127,5.0,2015-03-07,03-07
2015-03-07 00:00:00,Menabe,Morondava,44.39375273386637,-20.56249936421712,10.295457,5.0,2015-03-07,03-07
2015-03-07 00:00:00,Sava,Andapa,49.55000212385848,-14.555403606311694,2.827191,7.0,2015-03-07,03-07
2015-03-07 00:00:00,Sava,Antalaha,50.14655396033977,-15.236205101013184,3.3143625,7.0,2015-03-07,03-07
2015-03-07 00:00:00,Sava,Sambava,49.80128410534981,-14.224357335995405,11.560081,7.0,2015-03-07,03-07
2015-03-07 00:00:00,Sava,Vohemar,49.71666937163382,-13.495452967557041,14.727303,7.0,2015-03-07,03-07
2015-03-07 00:00:00,Sofia,Analalava,47.789728190800915,-14.711642160807571,2.095432,4.0,2015-03-07,03-07
2015-03-07 00:00:00,Sofia,Antsohihy,48.05488018873261,-14.989022673630133,1.1655875,4.0,2015-03-07,03-07
2015-03-07 00:00:00,Sofia,Bealanana,48.828573771885466,-14.546426773071289,1.6726915,4.0,2015-03-07,03-07
2015-03-07 00:00:00,Sofia,Befandriana Nord,48.78289714612459,-15.159208950243498,1.2285509,4.0,2015-03-07,03-07
2015-03-07 00:00:00,Sofia,Mampikony,47.698720394036705,-16.165383338928223,3.4005198,4.0,2015-03-07,03-07
2015-03-07 00:00:00,Sofia,Mandritsara,48.737211804057274,-16.04185911666515,2.5731852,4.0,2015-03-07,03-07
2015-03-07 00:00:00,Sofia,Port-Berge (Boriziny-Vaovao),47.71440855123229,-15.704235577987411,1.7019409,4.0,2015-03-07,03-07
2015-03-07 00:00:00,Vakinankaratra,Ambatolampy,47.54230998112605,-19.465384556696964,4.544682,1.0,2015-03-07,03-07
2015-03-07 00:00:00,Vakinankaratra,Antanifotsy,47.51923223642203,-19.75384521484375,6.2747936,1.0,2015-03-07,03-07
2015-03-07 00:00:00,Vakinankaratra,Antsirabe I,47.04999923706055,-19.85000228881836,2.6084661,1.0,2015-03-07,03-07
2015-03-07 00:00:00,Vakinankaratra,Antsirabe II,47.15435077833093,-19.906521175218664,4.0208855,1.0,2015-03-07,03-07
2015-03-07 00:00:00,Vakinankaratra,Betafo,46.68428791591099,-19.935713086809432,14.683273,1.0,2015-03-07,03-07
2015-03-07 00:00:00,Vakinankaratra,Faratsiho,46.90882671580595,-19.391176784739773,15.455376,1.0,2015-03-07,03-07
2015-03-07 00:00:00,Vakinankaratra,Mandoto,46.19651448449423,-19.673255121985147,28.936779,1.0,2015-03-07,03-07
2015-03-07 00:00:00,Vatovavy Fitovinany,Ifanadiana,47.62941315594841,-21.07941100176643,11.754506,2.0,2015-03-07,03-07
2015-03-07 00:00:00,Vatovavy Fitovinany,Ikongo,47.45800338745117,-21.89399917602539,11.190387,2.0,2015-03-07,03-07
2015-03-07 00:00:00,Vatovavy Fitovinany,Manakara Atsimo,47.863795181800576,-21.912067676412647,37.655174,2.0,2015-03-07,03-07
2015-03-07 00:00:00,Vatovavy Fitovinany,Mananjary,48.084045166664936,-21.194680640038023,53.703926,2.0,2015-03-07,03-07
2015-03-07 00:00:00,Vatovavy Fitovinany,Nosy-Varika,48.167649886187384,-20.552940144258386,56.05363,2.0,2015-03-07,03-07
2015-03-07 00:00:00,Vatovavy Fitovinany,Vohipeno,47.66818410700018,-22.331817973743785,27.697826,2.0,2015-03-07,03-07
2015-03-08 00:00:00,Alaotra Mangoro,Ambatondrazaka,48.45000208979068,-17.93043385381284,8.982316,3.0,2015-03-08,03-08
2015-03-08 00:00:00,Alaotra Mangoro,Amparafaravola,48.34750175476074,-17.437499046325684,11.332298,3.0,2015-03-08,03-08
2015-03-08 00:00:00,Alaotra Mangoro,Andilamena,48.33593988418579,-16.718749523162842,9.80777,3.0,2015-03-08,03-08
2015-03-08 00:00:00,Alaotra Mangoro,Anosibe-An'ala,48.120835622151695,-19.50833257039388,19.058884,3.0,2015-03-08,03-08
2015-03-08 00:00:00,Alaotra Mangoro,Moramanga,48.253228341379476,-18.817741147933468,9.408873,3.0,2015-03-08,03-08
2015-03-08 00:00:00,Amoron I Mania,Ambatofinandrahana,46.302176434060804,-20.493477614029594,10.604412,2.0,2015-03-08,03-08
2015-03-08 00:00:00,Amoron I Mania,Ambositra,47.307694948636566,-20.59615267240084,4.8875403,2.0,2015-03-08,03-08
2015-03-08 00:00:00,Amoron I Mania,Fandriana,47.444739291542454,-20.27105170802066,7.297609,2.0,2015-03-08,03-08
2015-03-08 00:00:00,Amoron I Mania,Manandriana,47.02500343322754,-20.774999618530273,5.5885134,2.0,2015-03-08,03-08
2015-03-08 00:00:00,Analamanga,Ambohidratrimo,47.433336893717446,-18.683331807454426,16.495428,1.0,2015-03-08,03-08
2015-03-08 00:00:00,Analamanga,Andramasina,47.742858341761995,-19.299998692103795,11.930142,1.0,2015-03-08,03-08
2015-03-08 00:00:00,Analamanga,Anjozorobe,47.741894593109954,-18.1986482981089,16.6864,1.0,2015-03-08,03-08
2015-03-08 00:00:00,Analamanga,Ankazobe,47.039395997018524,-18.16666620427912,23.808859,1.0,2015-03-08,03-08
2015-03-08 00:00:00,Analamanga,Antananarivo Atsimondrano,47.48333867390951,-19.016666412353516,6.464474,1.0,2015-03-08,03-08
2015-03-08 00:00:00,Analamanga,Antananarivo Avaradrano,47.607145581926616,-18.878571101597377,11.683236,1.0,2015-03-08,03-08
2015-03-08 00:00:00,Analamanga,Manjakandriana,47.788461245023285,-18.826922196608322,12.118097,1.0,2015-03-08,03-08
2015-03-08 00:00:00,Analanjirofo,Fenerive Est,49.19231033325195,-17.1538452735314,6.71905,3.0,2015-03-08,03-08
2015-03-08 00:00:00,Analanjirofo,Mananara-Avaratra,49.498650525067305,-16.23648584211195,0.5476816,3.0,2015-03-08,03-08
2015-03-08 00:00:00,Analanjirofo,Maroantsetra,49.480359486171174,-15.478569984436035,0.8875875,3.0,2015-03-08,03-08
2015-03-08 00:00:00,Analanjirofo,Sainte Marie,49.90000534057617,-16.950000762939453,2.323988,3.0,2015-03-08,03-08
2015-03-08 00:00:00,Analanjirofo,Soanierana Ivongo,49.317569938865866,-16.717566928348027,1.4858956,3.0,2015-03-08,03-08
2015-03-08 00:00:00,Analanjirofo,Vavatenina,49.01800277709961,-17.521999053955078,9.109438,3.0,2015-03-08,03-08
2015-03-08 00:00:00,Androy,Ambovombe-Androy,45.79827815088733,-24.858619953023975,9.540707,5.0,2015-03-08,03-08
2015-03-08 00:00:00,Androy,Bekily,45.40116500854492,-24.24999937900277,20.27192,5.0,2015-03-08,03-08
2015-03-08 00:00:00,Androy,Beloha,45.03604844559071,-25.073254696158475,3.1105123,5.0,2015-03-08,03-08
2015-03-08 00:00:00,Androy,Tsihombe,45.450002670288086,-25.370833079020183,0.45590326,5.0,2015-03-08,03-08
2015-03-08 00:00:00,Anosy,Amboasary-Atsimo,46.364609064680806,-24.4230329106363,10.320849,5.0,2015-03-08,03-08
2015-03-08 00:00:00,Anosy,Betroka,45.88196957697634,-23.36967143074411,6.44358,5.0,2015-03-08,03-08
2015-03-08 00:00:00,Anosy,Taolagnaro,46.965386610764725,-24.6269221672645,19.870832,5.0,2015-03-08,03-08
2015-03-08 00:00:00,Atsimo Andrefana,Ampanihy Ouest,44.48440231323242,-24.52199917602539,7.102073,5.0,2015-03-08,03-08
2015-03-08 00:00:00,Atsimo Andrefana,Ankazoabo,44.66818410700018,-22.157575318307586,7.505117,5.0,2015-03-08,03-08
2015-03-08 00:00:00,Atsimo Andrefana,Benenitra,45.0961562914726,-23.4038450779059,11.252974,5.0,2015-03-08,03-08
2015-03-08 00:00:00,Atsimo Andrefana,Beroroha,45.20625185966492,-21.48906171321869,21.187513,5.0,2015-03-08,03-08
2015-03-08 00:00:00,Atsimo Andrefana,Betioky Atsimo,44.49143055507115,-23.671427808489117,13.3425455,5.0,2015-03-08,03-08
2015-03-08 00:00:00,Atsimo Andrefana,Morombe,43.692426392526336,-22.018181078361742,7.4625688,5.0,2015-03-08,03-08
2015-03-08 00:00:00,Atsimo Andrefana,Sakaraha,44.45540794166359,-22.777026305327546,8.292197,5.0,2015-03-08,03-08
2015-03-08 00:00:00,Atsimo Andrefana,Toliary-I,43.65000534057617,-23.35000228881836,0.54677707,5.0,2015-03-08,03-08
2015-03-08 00:00:00,Atsimo Andrefana,Toliary-II,43.78764949125402,-23.19588151819566,4.973126,5.0,2015-03-08,03-08
2015-03-08 00:00:00,Atsimo Atsinanana,Befotaka,46.81333592732747,-23.866665903727213,9.005038,2.0,2015-03-08,03-08
2015-03-08 00:00:00,Atsimo Atsinanana,Farafangana,47.67916742960612,-22.79583231608073,17.329857,2.0,2015-03-08,03-08
2015-03-08 00:00:00,Atsimo Atsinanana,Midongy-Atsimo,47.00238527570452,-23.326189495268324,5.371491,2.0,2015-03-08,03-08
2015-03-08 00:00:00,Atsimo Atsinanana,Vangaindrano,47.3977297002619,-23.545453851873223,25.553078,2.0,2015-03-08,03-08
2015-03-08 00:00:00,Atsimo Atsinanana,Vondrozo,47.32407591078017,-22.687036443639684,9.631297,2.0,2015-03-08,03-08
2015-03-08 00:00:00,Atsinanana,Antanambao Manampontsy,48.46000289916992,-19.559999084472658,17.544529,3.0,2015-03-08,03-08
2015-03-08 00:00:00,Atsinanana,Brickaville,48.857274905118075,-18.648181221701883,28.864752,3.0,2015-03-08,03-08
2015-03-08 00:00:00,Atsinanana,Mahanoro,48.51774412585843,-20.037095715922693,15.722051,3.0,2015-03-08,03-08
2015-03-08 00:00:00,Atsinanana,Marolambo,47.99333521525065,-20.083333079020182,12.082311,3.0,2015-03-08,03-08
2015-03-08 00:00:00,Atsinanana,Toamasina II,49.137501907348636,-18.004999351501464,20.478775,3.0,2015-03-08,03-08
2015-03-08 00:00:00,Atsinanana,Vatomandry,48.78500213623047,-19.389999008178712,24.675577,3.0,2015-03-08,03-08
2015-03-08 00:00:00,Betsiboka,Kandreho,46.059261322021484,-17.418517642551,40.98028,4.0,2015-03-08,03-08
2015-03-08 00:00:00,Betsiboka,Maevatanana,46.91179969873321,-17.242133879929447,26.088217,4.0,2015-03-08,03-08
2015-03-08 00:00:00,Betsiboka,Tsaratanana,47.64019872628006,-17.14117551317402,22.263288,4.0,2015-03-08,03-08
2015-03-08 00:00:00,Boeny,Ambato Boeni,46.47666915893555,-16.67133295694987,34.087925,4.0,2015-03-08,03-08
2015-03-08 00:00:00,Boeny,Mahajanga II,46.78658825013696,-15.623169015093547,30.681013,4.0,2015-03-08,03-08
2015-03-08 00:00:00,Boeny,Marovoay,46.63478469848633,-16.149998519731604,48.231197,4.0,2015-03-08,03-08
2015-03-08 00:00:00,Boeny,Mitsinjo,45.9380974542527,-16.088094416118803,30.406734,4.0,2015-03-08,03-08
2015-03-08 00:00:00,Boeny,Soalala,45.40312719345093,-16.48281167447567,27.33344,4.0,2015-03-08,03-08
2015-03-08 00:00:00,Bongolava,Fenoarivobe,46.33730431208535,-18.27380897885277,40.475483,1.0,2015-03-08,03-08
2015-03-08 00:00:00,Bongolava,Tsiroanomandidy,45.96460882465491,-18.836515833822528,25.04448,1.0,2015-03-08,03-08
2015-03-08 00:00:00,Diana,Ambanja,48.48469660233478,-13.862243243626185,0.07543294,7.0,2015-03-08,03-08
2015-03-08 00:00:00,Diana,Ambilobe,49.08283797306801,-13.484326504949314,0.05303837,7.0,2015-03-08,03-08
2015-03-08 00:00:00,Diana,Antsiranana I,49.249996185302734,-12.249995231628418,0.20812844,7.0,2015-03-08,03-08
2015-03-08 00:00:00,Diana,Antsiranana II,49.21444693671332,-12.618887477450901,0.1992487,7.0,2015-03-08,03-08
2015-03-08 00:00:00,Diana,Nosy-Be,48.29999923706055,-13.40000057220459,0.19212691,7.0,2015-03-08,03-08
2015-03-08 00:00:00,Haute Matsiatra,Ambalavao,46.73571650187174,-21.897618248349143,2.25634,2.0,2015-03-08,03-08
2015-03-08 00:00:00,Haute Matsiatra,Ambohimahasoa,47.165385026198166,-21.057691427377556,3.6671093,2.0,2015-03-08,03-08
2015-03-08 00:00:00,Haute Matsiatra,Fianarantsoa I,47.04999923706055,-21.450000762939453,2.503666,2.0,2015-03-08,03-08
2015-03-08 00:00:00,Haute Matsiatra,Ikalamavony,46.22701381814891,-21.29597626609364,11.4962635,2.0,2015-03-08,03-08
2015-03-08 00:00:00,Haute Matsiatra,Isandra,46.913639762184836,-21.259090423583984,5.1912537,2.0,2015-03-08,03-08
2015-03-08 00:00:00,Haute Matsiatra,Lalangina,47.26111306084527,-21.383333418104385,4.9407477,2.0,2015-03-08,03-08
2015-03-08 00:00:00,Haute Matsiatra,Vohibato,47.081580111854954,-21.660524669446442,2.6260428,2.0,2015-03-08,03-08
2015-03-08 00:00:00,Ihorombe,Iakora,46.65263306467157,-23.165788951673004,1.3121995,2.0,2015-03-08,03-08
2015-03-08 00:00:00,Ihorombe,Ihosy,45.828147862920694,-22.35264827399854,4.2787905,2.0,2015-03-08,03-08
2015-03-08 00:00:00,Ihorombe,Ivohibe,46.92368698120117,-22.52631498637952,3.7853036,2.0,2015-03-08,03-08
2015-03-08 00:00:00,Itasy,Arivonimamo,47.25666834513346,-19.069998931884765,6.2632465,1.0,2015-03-08,03-08
2015-03-08 00:00:00,Itasy,Miarinarivo,46.85000228881836,-18.904544830322266,10.486037,1.0,2015-03-08,03-08
2015-03-08 00:00:00,Itasy,Soavinandriana,46.56176645615522,-19.208822138169232,11.844367,1.0,2015-03-08,03-08
2015-03-08 00:00:00,Melaky,Ambatomainty,45.589026381329795,-17.740243027849896,64.0564,4.0,2015-03-08,03-08
2015-03-08 00:00:00,Melaky,Antsalova,44.620493841952964,-18.83852367713803,32.70195,4.0,2015-03-08,03-08
2015-03-08 00:00:00,Melaky,Besalampy,44.91019673023409,-16.905339176215016,64.92276,4.0,2015-03-08,03-08
2015-03-08 00:00:00,Melaky,Maintirano,44.3178592863537,-17.753570829119003,129.03969,4.0,2015-03-08,03-08
2015-03-08 00:00:00,Melaky,Morafenobe,44.95164158305184,-17.935244763483766,88.223854,4.0,2015-03-08,03-08
2015-03-08 00:00:00,Menabe,Belo Sur Tsiribihina,44.85588477639591,-19.64705826254452,23.348772,5.0,2015-03-08,03-08
2015-03-08 00:00:00,Menabe,Mahabo,45.16880547287118,-20.649999145768646,33.25397,5.0,2015-03-08,03-08
2015-03-08 00:00:00,Menabe,Manja,44.194874396690956,-21.41410162510016,28.964428,5.0,2015-03-08,03-08
2015-03-08 00:00:00,Menabe,Miandrivazo,45.35943625108251,-19.160376710711784,16.176432,5.0,2015-03-08,03-08
2015-03-08 00:00:00,Menabe,Morondava,44.39375273386637,-20.56249936421712,37.523712,5.0,2015-03-08,03-08
2015-03-08 00:00:00,Sava,Andapa,49.55000212385848,-14.555403606311694,0.041820593,7.0,2015-03-08,03-08
2015-03-08 00:00:00,Sava,Antalaha,50.14655396033977,-15.236205101013184,0.34104127,7.0,2015-03-08,03-08
2015-03-08 00:00:00,Sava,Sambava,49.80128410534981,-14.224357335995405,0.042351592,7.0,2015-03-08,03-08
2015-03-08 00:00:00,Sava,Vohemar,49.71666937163382,-13.495452967557041,0.07251319,7.0,2015-03-08,03-08
2015-03-08 00:00:00,Sofia,Analalava,47.789728190800915,-14.711642160807571,7.3276668,4.0,2015-03-08,03-08
2015-03-08 00:00:00,Sofia,Antsohihy,48.05488018873261,-14.989022673630133,4.7037787,4.0,2015-03-08,03-08
2015-03-08 00:00:00,Sofia,Bealanana,48.828573771885466,-14.546426773071289,0.23324765,4.0,2015-03-08,03-08
2015-03-08 00:00:00,Sofia,Befandriana Nord,48.78289714612459,-15.159208950243498,0.5706862,4.0,2015-03-08,03-08
2015-03-08 00:00:00,Sofia,Mampikony,47.698720394036705,-16.165383338928223,26.209642,4.0,2015-03-08,03-08
2015-03-08 00:00:00,Sofia,Mandritsara,48.737211804057274,-16.04185911666515,2.5942674,4.0,2015-03-08,03-08
2015-03-08 00:00:00,Sofia,Port-Berge (Boriziny-Vaovao),47.71440855123229,-15.704235577987411,10.039137,4.0,2015-03-08,03-08
2015-03-08 00:00:00,Vakinankaratra,Ambatolampy,47.54230998112605,-19.465384556696964,11.574254,1.0,2015-03-08,03-08
2015-03-08 00:00:00,Vakinankaratra,Antanifotsy,47.51923223642203,-19.75384521484375,16.780504,1.0,2015-03-08,03-08
2015-03-08 00:00:00,Vakinankaratra,Antsirabe I,47.04999923706055,-19.85000228881836,12.978158,1.0,2015-03-08,03-08
2015-03-08 00:00:00,Vakinankaratra,Antsirabe II,47.15435077833093,-19.906521175218664,16.12965,1.0,2015-03-08,03-08
2015-03-08 00:00:00,Vakinankaratra,Betafo,46.68428791591099,-19.935713086809432,11.868591,1.0,2015-03-08,03-08
2015-03-08 00:00:00,Vakinankaratra,Faratsiho,46.90882671580595,-19.391176784739773,9.168616,1.0,2015-03-08,03-08
2015-03-08 00:00:00,Vakinankaratra,Mandoto,46.19651448449423,-19.673255121985147,5.94828,1.0,2015-03-08,03-08
2015-03-08 00:00:00,Vatovavy Fitovinany,Ifanadiana,47.62941315594841,-21.07941100176643,8.107674,2.0,2015-03-08,03-08
2015-03-08 00:00:00,Vatovavy Fitovinany,Ikongo,47.45800338745117,-21.89399917602539,9.268009,2.0,2015-03-08,03-08
2015-03-08 00:00:00,Vatovavy Fitovinany,Manakara Atsimo,47.863795181800576,-21.912067676412647,18.768053,2.0,2015-03-08,03-08
2015-03-08 00:00:00,Vatovavy Fitovinany,Mananjary,48.084045166664936,-21.194680640038023,15.016865,2.0,2015-03-08,03-08
2015-03-08 00:00:00,Vatovavy Fitovinany,Nosy-Varika,48.167649886187384,-20.552940144258386,23.168549,2.0,2015-03-08,03-08
2015-03-08 00:00:00,Vatovavy Fitovinany,Vohipeno,47.66818410700018,-22.331817973743785,20.826826,2.0,2015-03-08,03-08
2015-03-09 00:00:00,Alaotra Mangoro,Ambatondrazaka,48.45000208979068,-17.93043385381284,12.422647,3.0,2015-03-09,03-09
2015-03-09 00:00:00,Alaotra Mangoro,Amparafaravola,48.34750175476074,-17.437499046325684,10.063732,3.0,2015-03-09,03-09
2015-03-09 00:00:00,Alaotra Mangoro,Andilamena,48.33593988418579,-16.718749523162842,15.706678,3.0,2015-03-09,03-09
2015-03-09 00:00:00,Alaotra Mangoro,Anosibe-An'ala,48.120835622151695,-19.50833257039388,10.863273,3.0,2015-03-09,03-09
2015-03-09 00:00:00,Alaotra Mangoro,Moramanga,48.253228341379476,-18.817741147933468,10.6147585,3.0,2015-03-09,03-09
2015-03-09 00:00:00,Amoron I Mania,Ambatofinandrahana,46.302176434060804,-20.493477614029594,24.12601,2.0,2015-03-09,03-09
2015-03-09 00:00:00,Amoron I Mania,Ambositra,47.307694948636566,-20.59615267240084,15.378979,2.0,2015-03-09,03-09
2015-03-09 00:00:00,Amoron I Mania,Fandriana,47.444739291542454,-20.27105170802066,18.444065,2.0,2015-03-09,03-09
2015-03-09 00:00:00,Amoron I Mania,Manandriana,47.02500343322754,-20.774999618530273,19.13333,2.0,2015-03-09,03-09
2015-03-09 00:00:00,Analamanga,Ambohidratrimo,47.433336893717446,-18.683331807454426,18.196299,1.0,2015-03-09,03-09
2015-03-09 00:00:00,Analamanga,Andramasina,47.742858341761995,-19.299998692103795,7.8417745,1.0,2015-03-09,03-09
2015-03-09 00:00:00,Analamanga,Anjozorobe,47.741894593109954,-18.1986482981089,14.908068,1.0,2015-03-09,03-09
2015-03-09 00:00:00,Analamanga,Ankazobe,47.039395997018524,-18.16666620427912,11.730802,1.0,2015-03-09,03-09
2015-03-09 00:00:00,Analamanga,Antananarivo Atsimondrano,47.48333867390951,-19.016666412353516,19.40368,1.0,2015-03-09,03-09
2015-03-09 00:00:00,Analamanga,Antananarivo Avaradrano,47.607145581926616,-18.878571101597377,20.073038,1.0,2015-03-09,03-09
2015-03-09 00:00:00,Analamanga,Manjakandriana,47.788461245023285,-18.826922196608322,12.770193,1.0,2015-03-09,03-09
2015-03-09 00:00:00,Analanjirofo,Fenerive Est,49.19231033325195,-17.1538452735314,11.432668,3.0,2015-03-09,03-09
2015-03-09 00:00:00,Analanjirofo,Mananara-Avaratra,49.498650525067305,-16.23648584211195,6.43654,3.0,2015-03-09,03-09
2015-03-09 00:00:00,Analanjirofo,Maroantsetra,49.480359486171174,-15.478569984436035,1.0811232,3.0,2015-03-09,03-09
2015-03-09 00:00:00,Analanjirofo,Sainte Marie,49.90000534057617,-16.950000762939453,6.56904,3.0,2015-03-09,03-09
2015-03-09 00:00:00,Analanjirofo,Soanierana Ivongo,49.317569938865866,-16.717566928348027,12.462513,3.0,2015-03-09,03-09
2015-03-09 00:00:00,Analanjirofo,Vavatenina,49.01800277709961,-17.521999053955078,10.171138,3.0,2015-03-09,03-09
2015-03-09 00:00:00,Androy,Ambovombe-Androy,45.79827815088733,-24.858619953023975,2.3012156,5.0,2015-03-09,03-09
2015-03-09 00:00:00,Androy,Bekily,45.40116500854492,-24.24999937900277,4.952886,5.0,2015-03-09,03-09
2015-03-09 00:00:00,Androy,Beloha,45.03604844559071,-25.073254696158475,0.05974086,5.0,2015-03-09,03-09
2015-03-09 00:00:00,Androy,Tsihombe,45.450002670288086,-25.370833079020183,0.09093822,5.0,2015-03-09,03-09
2015-03-09 00:00:00,Anosy,Amboasary-Atsimo,46.364609064680806,-24.4230329106363,7.2839856,5.0,2015-03-09,03-09
2015-03-09 00:00:00,Anosy,Betroka,45.88196957697634,-23.36967143074411,4.122179,5.0,2015-03-09,03-09
2015-03-09 00:00:00,Anosy,Taolagnaro,46.965386610764725,-24.6269221672645,13.665496,5.0,2015-03-09,03-09
2015-03-09 00:00:00,Atsimo Andrefana,Ampanihy Ouest,44.48440231323242,-24.52199917602539,1.6962368,5.0,2015-03-09,03-09
2015-03-09 00:00:00,Atsimo Andrefana,Ankazoabo,44.66818410700018,-22.157575318307586,10.545124,5.0,2015-03-09,03-09
2015-03-09 00:00:00,Atsimo Andrefana,Benenitra,45.0961562914726,-23.4038450779059,7.0543056,5.0,2015-03-09,03-09
2015-03-09 00:00:00,Atsimo Andrefana,Beroroha,45.20625185966492,-21.48906171321869,13.43712,5.0,2015-03-09,03-09
2015-03-09 00:00:00,Atsimo Andrefana,Betioky Atsimo,44.49143055507115,-23.671427808489117,3.861248,5.0,2015-03-09,03-09
2015-03-09 00:00:00,Atsimo Andrefana,Morombe,43.692426392526336,-22.018181078361742,2.7884183,5.0,2015-03-09,03-09
2015-03-09 00:00:00,Atsimo Andrefana,Sakaraha,44.45540794166359,-22.777026305327546,7.94942,5.0,2015-03-09,03-09
2015-03-09 00:00:00,Atsimo Andrefana,Toliary-I,43.65000534057617,-23.35000228881836,0.050096925,5.0,2015-03-09,03-09
2015-03-09 00:00:00,Atsimo Andrefana,Toliary-II,43.78764949125402,-23.19588151819566,0.7103931,5.0,2015-03-09,03-09
2015-03-09 00:00:00,Atsimo Atsinanana,Befotaka,46.81333592732747,-23.866665903727213,6.035422,2.0,2015-03-09,03-09
2015-03-09 00:00:00,Atsimo Atsinanana,Farafangana,47.67916742960612,-22.79583231608073,82.32012,2.0,2015-03-09,03-09
2015-03-09 00:00:00,Atsimo Atsinanana,Midongy-Atsimo,47.00238527570452,-23.326189495268324,12.746422,2.0,2015-03-09,03-09
2015-03-09 00:00:00,Atsimo Atsinanana,Vangaindrano,47.3977297002619,-23.545453851873223,22.818132,2.0,2015-03-09,03-09
2015-03-09 00:00:00,Atsimo Atsinanana,Vondrozo,47.32407591078017,-22.687036443639684,46.402416,2.0,2015-03-09,03-09
2015-03-09 00:00:00,Atsinanana,Antanambao Manampontsy,48.46000289916992,-19.559999084472658,23.978603,3.0,2015-03-09,03-09
2015-03-09 00:00:00,Atsinanana,Brickaville,48.857274905118075,-18.648181221701883,10.649531,3.0,2015-03-09,03-09
2015-03-09 00:00:00,Atsinanana,Mahanoro,48.51774412585843,-20.037095715922693,41.14448,3.0,2015-03-09,03-09
2015-03-09 00:00:00,Atsinanana,Marolambo,47.99333521525065,-20.083333079020182,19.660433,3.0,2015-03-09,03-09
2015-03-09 00:00:00,Atsinanana,Toamasina II,49.137501907348636,-18.004999351501464,7.438955,3.0,2015-03-09,03-09
2015-03-09 00:00:00,Atsinanana,Vatomandry,48.78500213623047,-19.389999008178712,22.950018,3.0,2015-03-09,03-09
2015-03-09 00:00:00,Betsiboka,Kandreho,46.059261322021484,-17.418517642551,12.744731,4.0,2015-03-09,03-09
2015-03-09 00:00:00,Betsiboka,Maevatanana,46.91179969873321,-17.242133879929447,26.8138,4.0,2015-03-09,03-09
2015-03-09 00:00:00,Betsiboka,Tsaratanana,47.64019872628006,-17.14117551317402,19.437826,4.0,2015-03-09,03-09
2015-03-09 00:00:00,Boeny,Ambato Boeni,46.47666915893555,-16.67133295694987,28.587753,4.0,2015-03-09,03-09
2015-03-09 00:00:00,Boeny,Mahajanga II,46.78658825013696,-15.623169015093547,46.555546,4.0,2015-03-09,03-09
2015-03-09 00:00:00,Boeny,Marovoay,46.63478469848633,-16.149998519731604,36.604347,4.0,2015-03-09,03-09
2015-03-09 00:00:00,Boeny,Mitsinjo,45.9380974542527,-16.088094416118803,35.16121,4.0,2015-03-09,03-09
2015-03-09 00:00:00,Boeny,Soalala,45.40312719345093,-16.48281167447567,22.511,4.0,2015-03-09,03-09
2015-03-09 00:00:00,Bongolava,Fenoarivobe,46.33730431208535,-18.27380897885277,7.1038017,1.0,2015-03-09,03-09
2015-03-09 00:00:00,Bongolava,Tsiroanomandidy,45.96460882465491,-18.836515833822528,17.569382,1.0,2015-03-09,03-09
2015-03-09 00:00:00,Diana,Ambanja,48.48469660233478,-13.862243243626185,3.6794372,7.0,2015-03-09,03-09
2015-03-09 00:00:00,Diana,Ambilobe,49.08283797306801,-13.484326504949314,2.9656487,7.0,2015-03-09,03-09
2015-03-09 00:00:00,Diana,Antsiranana I,49.249996185302734,-12.249995231628418,0.060663294,7.0,2015-03-09,03-09
2015-03-09 00:00:00,Diana,Antsiranana II,49.21444693671332,-12.618887477450901,0.9138973,7.0,2015-03-09,03-09
2015-03-09 00:00:00,Diana,Nosy-Be,48.29999923706055,-13.40000057220459,0.26583326,7.0,2015-03-09,03-09
2015-03-09 00:00:00,Haute Matsiatra,Ambalavao,46.73571650187174,-21.897618248349143,8.883969,2.0,2015-03-09,03-09
2015-03-09 00:00:00,Haute Matsiatra,Ambohimahasoa,47.165385026198166,-21.057691427377556,13.164824,2.0,2015-03-09,03-09
2015-03-09 00:00:00,Haute Matsiatra,Fianarantsoa I,47.04999923706055,-21.450000762939453,12.205225,2.0,2015-03-09,03-09
2015-03-09 00:00:00,Haute Matsiatra,Ikalamavony,46.22701381814891,-21.29597626609364,13.446415,2.0,2015-03-09,03-09
2015-03-09 00:00:00,Haute Matsiatra,Isandra,46.913639762184836,-21.259090423583984,8.722698,2.0,2015-03-09,03-09
2015-03-09 00:00:00,Haute Matsiatra,Lalangina,47.26111306084527,-21.383333418104385,13.3963995,2.0,2015-03-09,03-09
2015-03-09 00:00:00,Haute Matsiatra,Vohibato,47.081580111854954,-21.660524669446442,15.4162035,2.0,2015-03-09,03-09
2015-03-09 00:00:00,Ihorombe,Iakora,46.65263306467157,-23.165788951673004,7.74115,2.0,2015-03-09,03-09
2015-03-09 00:00:00,Ihorombe,Ihosy,45.828147862920694,-22.35264827399854,3.5367799,2.0,2015-03-09,03-09
2015-03-09 00:00:00,Ihorombe,Ivohibe,46.92368698120117,-22.52631498637952,20.593746,2.0,2015-03-09,03-09
2015-03-09 00:00:00,Itasy,Arivonimamo,47.25666834513346,-19.069998931884765,17.210463,1.0,2015-03-09,03-09
2015-03-09 00:00:00,Itasy,Miarinarivo,46.85000228881836,-18.904544830322266,23.050283,1.0,2015-03-09,03-09
2015-03-09 00:00:00,Itasy,Soavinandriana,46.56176645615522,-19.208822138169232,21.52098,1.0,2015-03-09,03-09
2015-03-09 00:00:00,Melaky,Ambatomainty,45.589026381329795,-17.740243027849896,9.7589855,4.0,2015-03-09,03-09
2015-03-09 00:00:00,Melaky,Antsalova,44.620493841952964,-18.83852367713803,15.765868,4.0,2015-03-09,03-09
2015-03-09 00:00:00,Melaky,Besalampy,44.91019673023409,-16.905339176215016,13.146388,4.0,2015-03-09,03-09
2015-03-09 00:00:00,Melaky,Maintirano,44.3178592863537,-17.753570829119003,12.942372,4.0,2015-03-09,03-09
2015-03-09 00:00:00,Melaky,Morafenobe,44.95164158305184,-17.935244763483766,10.835637,4.0,2015-03-09,03-09
2015-03-09 00:00:00,Menabe,Belo Sur Tsiribihina,44.85588477639591,-19.64705826254452,15.674729,5.0,2015-03-09,03-09
2015-03-09 00:00:00,Menabe,Mahabo,45.16880547287118,-20.649999145768646,30.923033,5.0,2015-03-09,03-09
2015-03-09 00:00:00,Menabe,Manja,44.194874396690956,-21.41410162510016,13.175352,5.0,2015-03-09,03-09
2015-03-09 00:00:00,Menabe,Miandrivazo,45.35943625108251,-19.160376710711784,11.183344,5.0,2015-03-09,03-09
2015-03-09 00:00:00,Menabe,Morondava,44.39375273386637,-20.56249936421712,15.400304,5.0,2015-03-09,03-09
2015-03-09 00:00:00,Sava,Andapa,49.55000212385848,-14.555403606311694,0.93356156,7.0,2015-03-09,03-09
2015-03-09 00:00:00,Sava,Antalaha,50.14655396033977,-15.236205101013184,1.0443633,7.0,2015-03-09,03-09
2015-03-09 00:00:00,Sava,Sambava,49.80128410534981,-14.224357335995405,1.2288014,7.0,2015-03-09,03-09
2015-03-09 00:00:00,Sava,Vohemar,49.71666937163382,-13.495452967557041,3.0040123,7.0,2015-03-09,03-09
2015-03-09 00:00:00,Sofia,Analalava,47.789728190800915,-14.711642160807571,33.644756,4.0,2015-03-09,03-09
2015-03-09 00:00:00,Sofia,Antsohihy,48.05488018873261,-14.989022673630133,32.500885,4.0,2015-03-09,03-09
2015-03-09 00:00:00,Sofia,Bealanana,48.828573771885466,-14.546426773071289,1.2210474,4.0,2015-03-09,03-09
2015-03-09 00:00:00,Sofia,Befandriana Nord,48.78289714612459,-15.159208950243498,8.872009,4.0,2015-03-09,03-09
2015-03-09 00:00:00,Sofia,Mampikony,47.698720394036705,-16.165383338928223,38.080074,4.0,2015-03-09,03-09
2015-03-09 00:00:00,Sofia,Mandritsara,48.737211804057274,-16.04185911666515,10.5295515,4.0,2015-03-09,03-09
2015-03-09 00:00:00,Sofia,Port-Berge (Boriziny-Vaovao),47.71440855123229,-15.704235577987411,42.331314,4.0,2015-03-09,03-09
2015-03-09 00:00:00,Vakinankaratra,Ambatolampy,47.54230998112605,-19.465384556696964,9.0295315,1.0,2015-03-09,03-09
2015-03-09 00:00:00,Vakinankaratra,Antanifotsy,47.51923223642203,-19.75384521484375,11.209365,1.0,2015-03-09,03-09
2015-03-09 00:00:00,Vakinankaratra,Antsirabe I,47.04999923706055,-19.85000228881836,15.971219,1.0,2015-03-09,03-09
2015-03-09 00:00:00,Vakinankaratra,Antsirabe II,47.15435077833093,-19.906521175218664,15.194584,1.0,2015-03-09,03-09
2015-03-09 00:00:00,Vakinankaratra,Betafo,46.68428791591099,-19.935713086809432,19.605513,1.0,2015-03-09,03-09
2015-03-09 00:00:00,Vakinankaratra,Faratsiho,46.90882671580595,-19.391176784739773,12.308954,1.0,2015-03-09,03-09
2015-03-09 00:00:00,Vakinankaratra,Mandoto,46.19651448449423,-19.673255121985147,22.550568,1.0,2015-03-09,03-09
2015-03-09 00:00:00,Vatovavy Fitovinany,Ifanadiana,47.62941315594841,-21.07941100176643,17.452936,2.0,2015-03-09,03-09
2015-03-09 00:00:00,Vatovavy Fitovinany,Ikongo,47.45800338745117,-21.89399917602539,30.470015,2.0,2015-03-09,03-09
2015-03-09 00:00:00,Vatovavy Fitovinany,Manakara Atsimo,47.863795181800576,-21.912067676412647,45.294334,2.0,2015-03-09,03-09
2015-03-09 00:00:00,Vatovavy Fitovinany,Mananjary,48.084045166664936,-21.194680640038023,33.27877,2.0,2015-03-09,03-09
2015-03-09 00:00:00,Vatovavy Fitovinany,Nosy-Varika,48.167649886187384,-20.552940144258386,35.128067,2.0,2015-03-09,03-09
2015-03-09 00:00:00,Vatovavy Fitovinany,Vohipeno,47.66818410700018,-22.331817973743785,59.183456,2.0,2015-03-09,03-09
